serial,thread,speedup,nthreads
398.352,398.148,1.00,1
353.570,177.482,1.99,2
433.856,268.096,1.62,3
350.998,146.103,2.40,4
434.624,181.391,2.40,5
385.660,123.560,3.12,6
432.042,133.461,3.24,7
345.739,89.619,3.86,8
360.707,87.607,4.12,9
352.264,75.465,4.67,10
436.436,88.388,4.94,11
345.965,64.191,5.39,12
436.084,76.321,5.71,13
345.832,55.760,6.20,14
353.079,56.249,6.28,15
386.702,68.586,5.64,16
346.924,60.236,5.76,17
388.912,68.668,5.66,18
361.879,60.112,6.02,19
361.160,58.672,6.16,20
353.475,58.472,6.05,21
400.756,61.803,6.48,22
355.104,52.152,6.81,23
320.060,48.953,6.54,24
361.219,53.608,6.74,25
429.251,66.544,6.45,26
348.784,51.555,6.77,27
347.439,52.503,6.62,28
347.426,51.904,6.69,29
437.600,65.038,6.73,30
346.905,51.050,6.80,31
361.302,54.442,6.64,32
438.236,437.187,1.00,1
347.840,176.270,1.97,2
436.683,268.062,1.63,3
348.257,145.252,2.40,4
436.390,181.042,2.41,5
337.978,107.833,3.13,6
418.684,128.312,3.26,7
351.986,91.977,3.83,8
359.909,87.327,4.12,9
351.492,75.237,4.67,10
437.324,89.219,4.90,11
360.855,65.716,5.49,12
348.251,61.345,5.68,13
436.425,69.449,6.28,14
436.331,69.362,6.29,15
360.947,58.729,6.15,16
346.407,57.165,6.06,17
347.116,57.309,6.06,18
323.445,54.647,5.92,19
347.621,57.977,6.00,20
330.632,52.514,6.30,21
361.039,59.133,6.11,22
346.929,53.471,6.49,23
360.656,54.479,6.62,24
404.581,61.143,6.62,25
356.949,54.988,6.49,26
357.647,52.663,6.79,27
421.962,62.996,6.70,28
356.998,52.122,6.85,29
420.586,61.166,6.88,30
356.686,52.857,6.75,31
355.834,55.317,6.43,32
403.705,403.009,1.00,1
349.094,176.979,1.97,2
355.010,217.606,1.63,3
349.536,145.413,2.40,4
420.831,174.374,2.41,5
358.584,113.870,3.15,6
357.440,110.257,3.24,7
319.467,82.767,3.86,8
397.208,97.393,4.08,9
345.836,75.276,4.59,10
384.100,78.505,4.89,11
351.353,64.856,5.42,12
348.508,61.319,5.68,13
319.161,51.416,6.21,14
399.122,63.254,6.31,15
401.341,63.982,6.27,16
347.804,63.210,5.50,17
436.467,73.820,5.91,18
346.306,56.028,6.18,19
429.572,67.494,6.36,20
345.388,55.268,6.25,21
432.346,70.276,6.15,22
361.156,53.109,6.80,23
335.763,50.332,6.67,24
361.198,57.415,6.29,25
352.913,56.753,6.22,26
345.781,52.558,6.58,27
430.813,66.683,6.46,28
349.071,53.780,6.49,29
361.231,52.593,6.87,30
356.849,55.847,6.39,31
358.158,52.870,6.77,32
345.688,345.184,1.00,1
360.009,182.215,1.98,2
379.544,235.197,1.61,3
360.100,149.640,2.41,4
401.778,168.055,2.39,5
364.407,115.812,3.15,6
397.808,123.140,3.23,7
346.612,89.761,3.86,8
361.063,87.811,4.11,9
347.645,74.303,4.68,10
436.511,88.686,4.92,11
345.662,64.299,5.38,12
399.721,69.885,5.72,13
345.873,55.654,6.21,14
348.506,55.974,6.23,15
346.168,57.262,6.05,16
361.056,59.439,6.07,17
410.792,68.928,5.96,18
346.212,58.844,5.88,19
346.036,55.741,6.21,20
348.617,55.905,6.24,21
348.655,54.146,6.44,22
353.341,52.394,6.74,23
345.731,53.021,6.52,24
401.467,59.938,6.70,25
379.292,60.610,6.26,26
328.335,50.808,6.46,27
391.125,60.321,6.48,28
348.290,52.588,6.62,29
430.331,65.202,6.60,30
378.729,56.034,6.76,31
347.363,52.693,6.59,32
430.339,431.807,1.00,1
325.063,164.706,1.97,2
436.747,267.495,1.63,3
348.824,144.211,2.42,4
357.567,149.952,2.38,5
321.079,102.255,3.14,6
356.757,110.207,3.24,7
319.590,84.481,3.78,8
360.920,87.790,4.11,9
347.866,74.568,4.67,10
436.529,89.051,4.90,11
348.347,64.192,5.43,12
347.497,61.287,5.67,13
346.510,55.789,6.21,14
351.063,58.099,6.04,15
437.355,71.432,6.12,16
345.394,63.833,5.41,17
361.240,62.633,5.77,18
363.173,60.562,6.00,19
346.273,57.620,6.01,20
360.809,58.618,6.16,21
360.797,55.187,6.54,22
347.504,54.165,6.42,23
345.936,52.996,6.53,24
355.892,53.591,6.64,25
346.631,52.061,6.66,26
360.815,54.918,6.57,27
361.071,54.287,6.65,28
355.716,55.041,6.46,29
347.181,51.352,6.76,30
360.636,53.257,6.77,31
327.146,48.573,6.74,32
348.953,349.322,1.00,1
437.502,219.535,1.99,2
358.782,223.354,1.61,3
360.545,149.283,2.42,4
353.203,147.747,2.39,5
360.053,114.216,3.15,6
353.524,108.806,3.25,7
431.500,111.566,3.87,8
319.723,78.416,4.08,9
430.543,93.856,4.59,10
352.905,72.706,4.85,11
354.395,65.300,5.43,12
353.983,62.111,5.70,13
352.951,56.778,6.22,14
353.728,56.498,6.26,15
360.857,58.398,6.18,16
353.420,62.648,5.64,17
354.014,58.946,6.01,18
354.343,59.592,5.95,19
368.640,60.900,6.05,20
393.926,63.028,6.25,21
320.079,49.917,6.41,22
380.897,55.495,6.86,23
354.772,53.475,6.63,24
354.828,52.814,6.72,25
369.052,56.053,6.58,26
353.657,52.478,6.74,27
352.400,51.513,6.84,28
378.874,55.229,6.86,29
354.532,51.459,6.89,30
378.158,56.230,6.73,31
354.000,52.115,6.79,32
436.630,436.461,1.00,1
373.880,189.008,1.98,2
432.154,267.176,1.62,3
360.147,150.817,2.39,4
436.434,180.987,2.41,5
360.958,114.976,3.14,6
435.967,133.420,3.27,7
353.198,90.976,3.88,8
360.546,87.838,4.10,9
353.477,76.045,4.65,10
348.792,71.689,4.87,11
434.036,79.910,5.43,12
348.569,61.350,5.68,13
343.596,55.272,6.22,14
348.204,57.779,6.03,15
345.685,57.900,5.97,16
352.864,57.802,6.10,17
403.124,73.184,5.51,18
429.326,76.091,5.64,19
346.008,58.644,5.90,20
436.673,70.862,6.16,21
345.933,54.995,6.29,22
347.904,51.889,6.70,23
346.509,51.748,6.70,24
346.674,53.417,6.49,25
361.185,56.341,6.41,26
360.826,55.566,6.49,27
345.744,51.948,6.66,28
399.319,58.488,6.83,29
327.641,48.166,6.80,30
344.256,49.830,6.91,31
437.247,65.459,6.68,32
410.141,411.862,1.00,1
348.616,176.126,1.98,2
431.053,267.122,1.61,3
347.342,144.101,2.41,4
436.397,180.842,2.41,5
353.009,112.647,3.13,6
432.506,133.400,3.24,7
348.423,90.524,3.85,8
436.408,106.210,4.11,9
347.517,74.467,4.67,10
429.899,88.927,4.83,11
346.389,64.187,5.40,12
348.617,61.324,5.68,13
348.662,55.793,6.25,14
348.573,55.648,6.26,15
319.437,56.233,5.68,16
348.239,56.639,6.15,17
347.213,62.791,5.53,18
374.097,63.199,5.92,19
347.809,57.131,6.09,20
346.040,55.869,6.19,21
335.336,51.430,6.52,22
348.095,51.522,6.76,23
348.713,53.091,6.57,24
436.072,67.260,6.48,25
345.759,52.022,6.65,26
435.449,65.255,6.67,27
398.559,58.488,6.81,28
346.074,54.689,6.33,29
435.411,64.624,6.74,30
436.208,67.043,6.51,31
355.726,56.191,6.33,32
345.785,349.004,0.99,1
436.216,218.967,1.99,2
347.799,215.420,1.61,3
356.725,149.863,2.38,4
324.758,135.848,2.39,5
429.577,137.776,3.12,6
366.237,113.490,3.23,7
430.688,111.798,3.85,8
347.111,84.860,4.09,9
430.242,93.409,4.61,10
372.345,76.978,4.84,11
346.035,64.157,5.39,12
359.554,63.470,5.66,13
426.621,67.717,6.30,14
411.448,66.848,6.15,15
360.210,58.788,6.13,16
435.202,70.553,6.17,17
348.346,58.658,5.94,18
356.979,58.279,6.13,19
325.815,48.713,6.69,20
356.892,58.918,6.06,21
360.858,56.146,6.43,22
327.058,51.923,6.30,23
357.129,56.689,6.30,24
357.729,52.923,6.76,25
349.197,54.016,6.46,26
349.689,54.180,6.45,27
319.368,49.304,6.48,28
360.549,53.960,6.68,29
355.135,52.409,6.78,30
345.558,52.117,6.63,31
355.451,51.395,6.92,32
357.354,357.538,1.00,1
399.633,201.409,1.98,2
353.112,219.941,1.61,3
366.027,154.172,2.37,4
369.056,154.036,2.40,5
415.110,133.344,3.11,6
348.889,107.108,3.26,7
361.374,92.831,3.89,8
347.928,84.879,4.10,9
350.258,74.648,4.69,10
345.950,71.491,4.84,11
325.340,60.010,5.42,12
360.634,63.106,5.71,13
348.379,55.846,6.24,14
335.591,54.003,6.21,15
386.106,67.521,5.72,16
360.820,62.587,5.77,17
346.303,58.404,5.93,18
355.680,61.521,5.78,19
361.144,60.356,5.98,20
346.429,54.703,6.33,21
355.284,55.604,6.39,22
360.923,54.725,6.60,23
355.981,56.566,6.29,24
360.731,54.297,6.64,25
355.661,52.913,6.72,26
346.395,53.409,6.49,27
430.719,64.214,6.71,28
373.779,56.615,6.60,29
348.197,54.977,6.33,30
397.905,57.952,6.87,31
324.170,50.563,6.41,32
345.821,349.964,0.99,1
432.897,218.875,1.98,2
352.407,218.688,1.61,3
405.205,167.192,2.42,4
363.143,151.441,2.40,5
424.974,135.258,3.14,6
360.341,110.461,3.26,7
436.779,112.872,3.87,8
357.401,87.085,4.10,9
435.609,92.521,4.71,10
360.658,73.042,4.94,11
355.452,66.291,5.36,12
356.964,63.164,5.65,13
436.677,69.763,6.26,14
361.039,57.376,6.29,15
361.040,58.468,6.17,16
361.036,62.190,5.81,17
348.969,58.912,5.92,18
319.553,54.796,5.83,19
361.007,59.286,6.09,20
346.480,55.227,6.27,21
435.949,63.285,6.89,22
348.035,53.748,6.48,23
350.125,52.048,6.73,24
348.757,56.511,6.17,25
436.271,66.503,6.56,26
436.374,65.547,6.66,27
346.018,51.155,6.76,28
430.057,64.442,6.67,29
347.173,52.295,6.64,30
436.836,64.853,6.74,31
355.497,54.319,6.54,32
346.245,349.871,0.99,1
436.830,219.435,1.99,2
348.362,215.328,1.62,3
431.565,181.996,2.37,4
351.695,147.111,2.39,5
429.951,138.041,3.11,6
353.157,108.633,3.25,7
429.715,111.703,3.85,8
378.742,92.722,4.08,9
430.116,93.336,4.61,10
345.387,71.003,4.86,11
430.464,79.833,5.39,12
356.974,63.184,5.65,13
359.797,57.834,6.22,14
360.572,57.313,6.29,15
437.043,68.405,6.39,16
325.197,55.272,5.88,17
357.750,59.321,6.03,18
357.067,61.094,5.84,19
354.664,60.053,5.91,20
352.635,55.310,6.38,21
355.641,56.011,6.35,22
349.201,54.670,6.39,23
400.676,61.911,6.47,24
354.080,53.459,6.62,25
347.410,52.369,6.63,26
352.485,52.215,6.75,27
326.025,48.062,6.78,28
325.426,47.769,6.81,29
399.162,57.463,6.95,30
353.995,52.129,6.79,31
370.490,58.185,6.37,32
348.223,349.319,1.00,1
432.455,218.258,1.98,2
348.727,216.730,1.61,3
431.462,180.900,2.39,4
348.615,145.651,2.39,5
430.235,138.302,3.11,6
348.506,107.360,3.25,7
435.256,111.885,3.89,8
348.162,84.849,4.10,9
430.594,93.676,4.60,10
349.329,71.222,4.90,11
345.611,64.122,5.39,12
346.984,61.356,5.66,13
346.383,55.674,6.22,14
323.629,51.716,6.26,15
359.279,58.791,6.11,16
416.112,69.794,5.96,17
360.709,64.617,5.58,18
389.092,68.523,5.68,19
360.300,59.951,6.01,20
325.551,50.994,6.38,21
360.934,57.180,6.31,22
369.918,57.137,6.47,23
353.975,53.006,6.68,24
339.491,50.931,6.67,25
355.002,54.907,6.47,26
366.147,55.890,6.55,27
348.319,52.514,6.63,28
346.454,53.295,6.50,29
325.345,48.967,6.64,30
429.537,63.196,6.80,31
346.202,52.818,6.55,32
343.249,342.725,1.00,1
348.235,176.257,1.98,2
437.440,268.124,1.63,3
348.727,144.392,2.42,4
356.605,150.083,2.38,5
325.772,103.819,3.14,6
430.450,133.304,3.23,7
345.638,89.784,3.85,8
436.162,106.360,4.10,9
348.641,74.764,4.66,10
436.816,89.249,4.89,11
327.953,60.015,5.46,12
378.219,66.924,5.65,13
435.959,69.390,6.28,14
345.858,56.084,6.17,15
435.883,70.136,6.21,16
360.848,61.050,5.91,17
360.278,60.999,5.91,18
397.136,65.895,6.03,19
352.082,59.478,5.92,20
360.572,58.628,6.15,21
360.865,55.648,6.48,22
431.970,68.615,6.30,23
360.877,54.728,6.59,24
354.464,53.072,6.68,25
351.325,52.533,6.69,26
343.883,52.273,6.58,27
349.437,52.850,6.61,28
348.416,52.579,6.63,29
398.353,57.923,6.88,30
319.705,47.917,6.67,31
373.648,57.163,6.54,32
389.559,390.439,1.00,1
356.683,180.426,1.98,2
385.326,236.130,1.63,3
348.730,144.558,2.41,4
366.290,154.116,2.38,5
365.003,116.335,3.14,6
431.337,133.094,3.24,7
345.604,89.700,3.85,8
355.876,87.363,4.07,9
345.592,74.350,4.65,10
439.685,89.513,4.91,11
347.926,64.126,5.43,12
363.357,64.703,5.62,13
348.420,55.624,6.26,14
341.421,54.996,6.21,15
435.722,70.941,6.14,16
361.237,61.365,5.89,17
356.464,60.046,5.94,18
420.319,67.304,6.25,19
359.046,59.501,6.03,20
361.133,57.323,6.30,21
351.012,54.579,6.43,22
357.682,52.759,6.78,23
354.541,53.465,6.63,24
361.085,54.572,6.62,25
361.295,56.608,6.38,26
355.826,55.096,6.46,27
347.805,53.113,6.55,28
319.731,49.786,6.42,29
361.151,55.314,6.53,30
345.391,51.618,6.69,31
355.654,53.212,6.68,32
383.222,383.131,1.00,1
347.660,176.517,1.97,2
437.351,268.319,1.63,3
361.227,149.543,2.42,4
437.412,181.602,2.41,5
347.859,111.550,3.12,6
430.062,133.178,3.23,7
349.009,90.547,3.85,8
436.246,105.969,4.12,9
347.778,75.144,4.63,10
430.647,88.310,4.88,11
348.578,64.058,5.44,12
361.457,63.728,5.67,13
360.571,57.398,6.28,14
355.629,57.470,6.19,15
403.957,63.557,6.36,16
358.242,61.519,5.82,17
360.686,60.836,5.93,18
403.155,65.025,6.20,19
355.017,57.252,6.20,20
349.440,57.634,6.06,21
413.176,64.090,6.45,22
353.206,53.971,6.54,23
348.219,53.596,6.50,24
355.808,54.353,6.55,25
347.896,55.692,6.25,26
360.738,53.870,6.70,27
347.534,51.172,6.79,28
351.834,52.251,6.73,29
401.895,61.066,6.58,30
355.872,51.892,6.86,31
360.618,57.235,6.30,32
319.208,322.191,0.99,1
402.724,202.322,1.99,2
347.924,215.348,1.62,3
415.446,175.160,2.37,4
348.432,145.535,2.39,5
420.649,133.396,3.15,6
347.694,107.427,3.24,7
403.090,103.797,3.88,8
361.445,88.054,4.10,9
356.947,76.098,4.69,10
359.092,74.043,4.85,11
360.077,66.582,5.41,12
320.988,56.961,5.64,13
357.485,57.592,6.21,14
410.788,65.486,6.27,15
352.721,62.580,5.64,16
353.583,64.469,5.48,17
357.111,64.384,5.55,18
349.012,57.266,6.09,19
348.613,58.779,5.93,20
356.101,58.633,6.07,21
347.757,54.784,6.35,22
347.394,55.025,6.31,23
346.699,55.054,6.30,24
380.559,59.285,6.42,25
325.321,49.499,6.57,26
355.611,55.751,6.38,27
346.725,51.080,6.79,28
361.039,53.104,6.80,29
355.421,51.968,6.84,30
327.452,51.704,6.33,31
346.439,54.259,6.38,32
403.583,403.148,1.00,1
347.735,176.599,1.97,2
431.165,267.294,1.61,3
349.447,147.082,2.38,4
437.032,181.314,2.41,5
361.520,115.861,3.12,6
437.017,133.652,3.27,7
358.041,92.297,3.88,8
356.949,87.303,4.09,9
319.630,69.464,4.60,10
432.905,89.176,4.85,11
348.792,63.845,5.46,12
433.558,76.451,5.67,13
348.495,55.773,6.25,14
348.157,55.644,6.26,15
347.945,56.709,6.14,16
348.004,59.726,5.83,17
348.862,62.770,5.56,18
346.513,59.986,5.78,19
346.119,58.394,5.93,20
346.297,57.024,6.07,21
346.471,54.800,6.32,22
346.327,55.077,6.29,23
346.404,56.187,6.17,24
436.414,67.274,6.49,25
345.804,54.385,6.36,26
440.783,69.564,6.34,27
361.111,54.677,6.60,28
345.799,51.578,6.70,29
345.920,53.360,6.48,30
429.515,65.834,6.52,31
323.669,47.557,6.81,32
416.017,417.572,1.00,1
361.065,181.036,1.99,2
358.163,221.389,1.62,3
355.885,149.601,2.38,4
355.883,148.336,2.40,5
436.538,138.473,3.15,6
351.286,108.860,3.23,7
436.718,112.203,3.89,8
347.542,84.897,4.09,9
430.260,92.528,4.65,10
345.561,71.558,4.83,11
373.715,69.169,5.40,12
436.594,76.330,5.72,13
348.131,55.807,6.24,14
355.279,57.664,6.16,15
414.812,67.145,6.18,16
333.106,55.258,6.03,17
395.738,70.291,5.63,18
347.432,59.712,5.82,19
345.614,60.164,5.74,20
360.751,57.565,6.27,21
355.479,59.051,6.02,22
345.577,54.890,6.30,23
346.109,54.389,6.36,24
345.705,54.434,6.35,25
365.425,58.654,6.23,26
430.344,66.628,6.46,27
360.533,54.020,6.67,28
358.392,52.297,6.85,29
319.240,49.267,6.48,30
337.462,54.083,6.24,31
353.433,52.639,6.71,32
354.079,354.422,1.00,1
432.156,218.640,1.98,2
324.086,200.107,1.62,3
355.832,149.849,2.37,4
353.318,148.230,2.38,5
435.825,137.577,3.17,6
359.005,110.977,3.23,7
436.123,113.898,3.83,8
347.757,84.873,4.10,9
435.753,93.602,4.66,10
347.695,71.536,4.86,11
437.237,79.812,5.48,12
345.935,61.334,5.64,13
345.590,55.729,6.20,14
348.016,58.185,5.98,15
348.458,56.759,6.14,16
345.868,58.380,5.92,17
346.256,59.088,5.86,18
415.609,70.400,5.90,19
360.602,55.283,6.52,20
356.615,56.892,6.27,21
361.019,55.613,6.49,22
356.890,55.757,6.40,23
360.931,56.869,6.35,24
436.166,65.807,6.63,25
355.971,57.503,6.19,26
360.617,54.861,6.57,27
345.765,51.891,6.66,28
345.753,50.993,6.78,29
345.852,54.679,6.33,30
436.453,66.854,6.53,31
360.979,53.688,6.72,32
345.895,349.124,0.99,1
436.912,219.460,1.99,2
351.211,217.536,1.61,3
355.494,149.759,2.37,4
348.698,145.550,2.40,5
429.486,138.684,3.10,6
348.610,107.124,3.25,7
435.592,112.086,3.89,8
348.301,84.826,4.11,9
436.036,92.473,4.72,10
359.313,74.136,4.85,11
334.933,62.032,5.40,12
326.464,58.197,5.61,13
354.702,56.733,6.25,14
429.759,69.760,6.16,15
437.037,70.791,6.17,16
320.877,54.189,5.92,17
360.833,61.687,5.85,18
352.971,60.265,5.86,19
416.737,66.636,6.25,20
329.754,51.539,6.40,21
325.715,50.072,6.50,22
325.895,48.392,6.73,23
357.660,54.593,6.55,24
346.406,52.681,6.58,25
355.506,54.541,6.52,26
430.528,65.273,6.60,27
348.287,51.685,6.74,28
349.290,53.052,6.58,29
346.463,53.518,6.47,30
346.423,55.531,6.24,31
325.683,48.338,6.74,32
434.040,437.702,0.99,1
432.177,218.623,1.98,2
349.500,216.948,1.61,3
402.035,166.139,2.42,4
351.729,146.957,2.39,5
435.336,137.965,3.16,6
352.722,108.512,3.25,7
413.217,107.167,3.86,8
353.468,86.044,4.11,9
436.025,92.677,4.70,10
351.089,71.705,4.90,11
351.291,64.860,5.42,12
326.042,57.350,5.69,13
436.086,69.187,6.30,14
348.001,55.929,6.22,15
355.637,63.087,5.64,16
435.835,73.914,5.90,17
360.836,63.822,5.65,18
346.370,59.160,5.85,19
348.701,56.831,6.14,20
398.630,65.094,6.12,21
348.362,54.441,6.40,22
348.074,54.001,6.45,23
348.434,52.705,6.61,24
366.825,56.554,6.49,25
429.801,66.667,6.45,26
348.392,52.853,6.59,27
349.807,52.853,6.62,28
360.814,56.489,6.39,29
355.838,52.384,6.79,30
360.671,51.706,6.98,31
360.789,54.307,6.64,32
324.871,324.206,1.00,1
353.132,178.582,1.98,2
433.811,267.287,1.62,3
360.533,148.303,2.43,4
348.285,145.596,2.39,5
415.713,133.997,3.10,6
354.344,109.572,3.23,7
381.417,99.464,3.83,8
348.302,84.808,4.11,9
384.931,82.671,4.66,10
348.394,71.588,4.87,11
397.277,73.628,5.40,12
348.013,61.330,5.67,13
345.939,55.837,6.20,14
397.900,63.848,6.23,15
325.375,56.015,5.81,16
325.709,53.573,6.08,17
435.738,74.845,5.82,18
345.800,59.261,5.84,19
415.626,70.025,5.94,20
403.099,67.236,6.00,21
361.114,56.521,6.39,22
357.496,54.633,6.54,23
436.498,66.341,6.58,24
356.643,52.321,6.82,25
353.748,52.960,6.68,26
356.103,56.637,6.29,27
353.914,52.684,6.72,28
353.561,52.299,6.76,29
429.345,65.483,6.56,30
348.003,54.642,6.37,31
355.482,52.873,6.72,32
347.860,349.382,1.00,1
432.304,218.777,1.98,2
348.613,216.521,1.61,3
432.227,181.394,2.38,4
326.436,136.383,2.39,5
429.455,137.807,3.12,6
383.073,117.914,3.25,7
435.505,113.878,3.82,8
347.849,84.818,4.10,9
430.238,93.525,4.60,10
345.553,71.365,4.84,11
360.466,65.913,5.47,12
436.237,76.387,5.71,13
363.263,58.374,6.22,14
360.850,59.035,6.11,15
357.047,57.774,6.18,16
354.438,58.208,6.09,17
417.094,74.414,5.61,18
353.160,56.507,6.25,19
361.176,58.691,6.15,20
324.081,51.126,6.34,21
348.093,54.302,6.41,22
400.911,60.834,6.59,23
319.130,49.145,6.49,24
348.542,54.048,6.45,25
346.679,51.729,6.70,26
436.111,64.483,6.76,27
325.495,48.636,6.69,28
360.683,52.665,6.85,29
360.969,55.118,6.55,30
430.021,64.052,6.71,31
347.822,54.139,6.42,32
421.293,423.008,1.00,1
377.400,189.549,1.99,2
348.376,215.302,1.62,3
397.544,167.349,2.38,4
338.254,141.880,2.38,5
435.013,138.432,3.14,6
358.294,110.427,3.24,7
418.975,107.913,3.88,8
354.645,86.274,4.11,9
429.989,92.806,4.63,10
342.126,70.738,4.84,11
382.712,70.288,5.44,12
348.836,61.329,5.69,13
349.210,55.635,6.28,14
360.990,57.352,6.29,15
429.801,69.987,6.14,16
319.532,52.829,6.05,17
360.717,61.834,5.83,18
360.145,58.363,6.17,19
361.148,57.293,6.30,20
360.788,56.945,6.34,21
383.992,55.781,6.88,22
347.203,54.878,6.33,23
348.579,52.913,6.59,24
346.567,51.975,6.67,25
360.549,53.875,6.69,26
362.823,55.547,6.53,27
356.205,54.853,6.49,28
356.637,53.078,6.72,29
401.433,60.224,6.67,30
360.901,52.532,6.87,31
355.968,52.165,6.82,32
337.350,336.967,1.00,1
326.134,165.273,1.97,2
356.849,221.166,1.61,3
348.027,145.148,2.40,4
360.995,149.669,2.41,5
348.412,110.844,3.14,6
436.871,133.369,3.28,7
347.849,89.714,3.88,8
430.608,105.747,4.07,9
347.984,74.354,4.68,10
435.593,88.951,4.90,11
360.879,65.867,5.48,12
363.066,64.330,5.64,13
346.535,55.630,6.23,14
348.018,55.710,6.25,15
396.007,70.100,5.65,16
436.882,77.421,5.64,17
348.489,59.934,5.81,18
332.545,56.574,5.88,19
358.456,60.682,5.91,20
360.783,57.334,6.29,21
360.590,52.213,6.91,22
356.363,52.222,6.82,23
353.779,54.701,6.47,24
393.160,58.555,6.71,25
353.951,55.095,6.42,26
429.075,63.831,6.72,27
348.302,51.952,6.70,28
401.793,58.952,6.82,29
346.461,50.762,6.83,30
436.928,64.299,6.80,31
350.665,55.944,6.27,32
346.816,349.463,0.99,1
433.263,219.200,1.98,2
347.205,215.196,1.61,3
432.289,181.760,2.38,4
348.906,145.576,2.40,5
436.430,137.864,3.17,6
365.851,112.451,3.25,7
436.346,112.211,3.89,8
325.192,79.507,4.09,9
436.495,93.016,4.69,10
324.852,67.136,4.84,11
356.006,66.306,5.37,12
357.221,62.814,5.69,13
319.440,51.555,6.20,14
360.952,57.284,6.30,15
353.232,57.002,6.20,16
360.970,64.241,5.62,17
319.967,51.656,6.19,18
332.670,53.805,6.18,19
360.643,57.664,6.25,20
347.859,55.647,6.25,21
348.401,55.116,6.32,22
360.558,55.066,6.55,23
360.505,54.991,6.56,24
436.753,66.072,6.61,25
348.109,55.275,6.30,26
347.962,50.435,6.90,27
436.052,65.776,6.63,28
343.293,49.961,6.87,29
365.597,54.931,6.66,30
435.434,66.330,6.56,31
399.363,62.298,6.41,32
436.862,436.288,1.00,1
362.450,183.625,1.97,2
378.209,232.332,1.63,3
356.394,149.998,2.38,4
355.978,148.688,2.39,5
355.447,114.716,3.10,6
353.655,108.847,3.25,7
401.825,104.605,3.84,8
348.269,84.804,4.11,9
393.275,85.391,4.61,10
320.104,65.954,4.85,11
348.289,64.209,5.42,12
348.662,61.328,5.69,13
348.870,55.832,6.25,14
347.181,55.731,6.23,15
349.198,56.743,6.15,16
436.199,78.205,5.58,17
355.268,60.959,5.83,18
360.813,60.038,6.01,19
348.709,57.322,6.08,20
348.747,59.072,5.90,21
350.133,56.707,6.17,22
360.508,55.276,6.52,23
350.188,53.602,6.53,24
356.435,54.647,6.52,25
375.731,56.424,6.66,26
349.894,53.367,6.56,27
327.716,50.505,6.49,28
354.111,53.617,6.60,29
372.345,56.252,6.62,30
386.411,59.158,6.53,31
376.730,59.821,6.30,32
346.172,349.105,0.99,1
435.368,218.393,1.99,2
347.688,216.925,1.60,3
431.437,180.777,2.39,4
323.409,135.295,2.39,5
436.478,138.698,3.15,6
348.339,107.452,3.24,7
436.318,112.080,3.89,8
348.073,84.894,4.10,9
439.769,93.484,4.70,10
347.686,71.466,4.87,11
348.224,64.057,5.44,12
319.610,56.684,5.64,13
332.149,53.495,6.21,14
352.229,56.203,6.27,15
355.749,62.860,5.66,16
360.074,64.731,5.56,17
358.614,59.821,5.99,18
430.306,72.569,5.93,19
361.154,57.568,6.27,20
360.879,55.961,6.45,21
436.666,67.213,6.50,22
355.633,54.962,6.47,23
436.236,67.877,6.43,24
346.323,54.958,6.30,25
325.573,51.203,6.36,26
323.757,48.577,6.66,27
377.646,55.985,6.75,28
398.718,59.302,6.72,29
436.158,63.365,6.88,30
348.335,52.353,6.65,31
338.943,51.657,6.56,32
421.725,424.770,0.99,1
361.033,181.569,1.99,2
348.854,215.404,1.62,3
398.116,167.392,2.38,4
364.021,152.127,2.39,5
396.530,127.678,3.11,6
357.611,109.866,3.25,7
347.205,89.602,3.87,8
325.026,79.378,4.09,9
382.058,81.110,4.71,10
351.484,71.643,4.91,11
360.682,65.848,5.48,12
346.966,61.337,5.66,13
348.585,55.810,6.25,14
360.809,58.433,6.17,15
375.085,61.512,6.10,16
359.512,60.054,5.99,17
345.848,60.964,5.67,18
348.102,59.574,5.84,19
348.352,55.976,6.22,20
319.099,52.663,6.06,21
430.882,68.286,6.31,22
347.716,51.292,6.78,23
430.879,70.033,6.15,24
345.700,52.510,6.58,25
360.920,51.700,6.98,26
360.771,53.191,6.78,27
345.503,53.160,6.50,28
361.248,56.534,6.39,29
356.847,56.510,6.31,30
358.562,54.602,6.57,31
378.764,55.847,6.78,32
353.599,354.456,1.00,1
405.316,204.629,1.98,2
368.798,227.455,1.62,3
356.595,149.907,2.38,4
348.753,145.528,2.40,5
437.466,138.094,3.17,6
354.689,109.319,3.24,7
434.163,112.605,3.86,8
326.759,79.849,4.09,9
430.676,92.989,4.63,10
345.390,71.613,4.82,11
348.241,64.206,5.42,12
348.611,61.289,5.69,13
440.057,69.875,6.30,14
360.725,57.623,6.26,15
360.715,64.000,5.64,16
319.234,55.357,5.77,17
419.758,71.337,5.88,18
361.071,58.807,6.14,19
359.742,57.963,6.21,20
381.325,62.161,6.13,21
356.642,55.595,6.42,22
361.298,53.397,6.77,23
319.847,48.880,6.54,24
319.861,49.343,6.48,25
349.100,51.318,6.80,26
347.787,53.585,6.49,27
346.006,51.654,6.70,28
355.655,54.188,6.56,29
346.392,54.248,6.39,30
348.402,50.508,6.90,31
348.522,54.691,6.37,32
407.822,407.104,1.00,1
348.217,176.060,1.98,2
385.467,236.488,1.63,3
349.288,144.288,2.42,4
382.766,160.416,2.39,5
347.807,110.928,3.14,6
392.970,121.618,3.23,7
357.695,93.873,3.81,8
357.836,87.386,4.09,9
350.611,75.572,4.64,10
432.585,88.325,4.90,11
357.402,65.820,5.43,12
435.156,76.145,5.71,13
319.604,51.501,6.21,14
354.158,56.669,6.25,15
367.049,60.372,6.08,16
346.000,57.284,6.04,17
398.337,66.642,5.98,18
326.404,55.239,5.91,19
345.615,54.851,6.30,20
345.993,56.950,6.08,21
429.838,64.922,6.62,22
345.641,53.277,6.49,23
360.758,54.753,6.59,24
360.746,54.846,6.58,25
347.339,54.979,6.32,26
346.479,53.628,6.46,27
366.054,55.764,6.56,28
430.198,64.296,6.69,29
347.918,52.082,6.68,30
348.607,52.980,6.58,31
360.860,54.104,6.67,32
438.183,437.681,1.00,1
358.581,181.871,1.97,2
357.326,221.321,1.61,3
319.431,133.729,2.39,4
357.713,150.228,2.38,5
319.749,102.304,3.13,6
429.889,133.098,3.23,7
346.358,89.773,3.86,8
433.763,106.417,4.08,9
435.884,92.602,4.71,10
348.437,71.460,4.88,11
347.323,63.931,5.43,12
346.733,61.333,5.65,13
325.573,52.198,6.24,14
346.871,55.680,6.23,15
346.097,59.081,5.86,16
346.800,57.269,6.06,17
440.028,75.751,5.81,18
346.251,57.636,6.01,19
393.287,65.273,6.03,20
348.215,55.610,6.26,21
361.889,57.931,6.25,22
357.259,54.226,6.59,23
360.930,57.676,6.26,24
358.779,53.655,6.69,25
402.242,60.068,6.70,26
403.653,61.034,6.61,27
354.487,53.217,6.66,28
349.997,52.675,6.64,29
348.557,51.737,6.74,30
420.700,62.782,6.70,31
394.776,58.516,6.75,32
347.464,348.762,1.00,1
354.264,179.511,1.97,2
400.823,248.199,1.61,3
355.070,148.028,2.40,4
349.550,145.538,2.40,5
380.305,122.573,3.10,6
371.108,114.143,3.25,7
381.212,99.413,3.83,8
346.222,84.839,4.08,9
363.302,77.172,4.71,10
347.538,71.739,4.84,11
360.834,65.929,5.47,12
319.204,56.712,5.63,13
419.972,66.805,6.29,14
358.015,57.130,6.27,15
348.162,55.202,6.31,16
360.820,59.647,6.05,17
371.840,63.918,5.82,18
349.293,59.137,5.91,19
430.374,73.669,5.84,20
429.800,70.884,6.06,21
345.755,54.047,6.40,22
346.485,53.394,6.49,23
346.875,54.278,6.39,24
428.607,65.825,6.51,25
348.245,53.164,6.55,26
430.669,66.865,6.44,27
360.806,53.152,6.79,28
429.742,63.598,6.76,29
430.612,65.537,6.57,30
347.706,53.174,6.54,31
356.119,52.585,6.77,32
350.515,351.535,1.00,1
348.828,176.209,1.98,2
382.442,234.406,1.63,3
361.720,150.551,2.40,4
416.454,175.274,2.38,5
356.521,113.367,3.14,6
398.917,123.126,3.24,7
351.489,91.321,3.85,8
358.479,87.950,4.08,9
346.026,74.265,4.66,10
350.878,71.654,4.90,11
333.045,61.548,5.41,12
346.826,61.342,5.65,13
382.000,60.836,6.28,14
349.715,56.149,6.23,15
408.118,67.472,6.05,16
355.285,60.618,5.86,17
345.977,62.404,5.54,18
346.006,60.944,5.68,19
325.522,52.986,6.14,20
361.141,57.003,6.34,21
346.129,53.004,6.53,22
360.983,53.499,6.75,23
429.412,65.315,6.57,24
402.930,59.573,6.76,25
362.871,54.579,6.65,26
354.938,54.862,6.47,27
325.062,49.239,6.60,28
436.561,63.759,6.85,29
355.173,52.186,6.81,30
355.292,52.094,6.82,31
437.602,67.014,6.53,32
352.503,354.842,0.99,1
432.781,218.260,1.98,2
349.558,215.297,1.62,3
432.399,181.246,2.39,4
363.153,151.525,2.40,5
436.036,137.670,3.17,6
346.754,106.902,3.24,7
436.028,113.346,3.85,8
347.937,84.893,4.10,9
437.360,93.762,4.66,10
347.481,71.497,4.86,11
345.852,64.209,5.39,12
337.841,59.547,5.67,13
346.779,55.899,6.20,14
352.801,56.298,6.27,15
352.968,58.313,6.05,16
414.576,70.793,5.86,17
376.556,62.905,5.99,18
357.628,60.034,5.96,19
343.382,58.131,5.91,20
353.091,55.648,6.35,21
397.736,62.437,6.37,22
429.486,67.480,6.36,23
346.032,52.726,6.56,24
361.071,53.131,6.80,25
399.765,60.977,6.56,26
347.697,51.706,6.72,27
319.668,48.521,6.59,28
348.232,51.351,6.78,29
337.240,51.803,6.51,30
429.410,64.329,6.68,31
403.557,62.054,6.50,32
436.925,436.497,1.00,1
348.348,176.149,1.98,2
432.642,267.548,1.62,3
327.921,137.818,2.38,4
436.436,180.964,2.41,5
363.147,115.345,3.15,6
433.617,133.440,3.25,7
352.174,91.283,3.86,8
432.876,105.899,4.09,9
352.533,75.721,4.66,10
432.089,88.922,4.86,11
351.615,65.053,5.41,12
437.255,76.469,5.72,13
345.780,55.670,6.21,14
436.916,69.781,6.26,15
431.215,70.341,6.13,16
360.893,59.979,6.02,17
361.179,64.124,5.63,18
379.025,62.231,6.09,19
328.692,55.399,5.93,20
360.501,58.662,6.15,21
360.850,55.446,6.51,22
360.855,54.465,6.63,23
345.731,53.085,6.51,24
437.173,66.764,6.55,25
355.747,56.619,6.28,26
346.393,51.085,6.78,27
363.658,55.362,6.57,28
325.487,48.756,6.68,29
359.173,52.589,6.83,30
325.744,50.205,6.49,31
358.128,56.762,6.31,32
328.243,327.576,1.00,1
349.628,176.195,1.98,2
436.074,267.567,1.63,3
355.929,147.433,2.41,4
433.091,181.274,2.39,5
349.296,110.952,3.15,6
431.863,133.256,3.24,7
359.264,93.225,3.85,8
436.940,106.333,4.11,9
327.330,69.911,4.68,10
433.975,89.097,4.87,11
346.159,63.958,5.41,12
345.855,61.319,5.64,13
351.362,56.355,6.23,14
347.176,55.737,6.23,15
400.322,64.804,6.18,16
370.770,69.720,5.32,17
349.166,62.055,5.63,18
401.943,65.651,6.12,19
358.460,60.416,5.93,20
356.967,57.257,6.23,21
319.849,52.532,6.09,22
400.074,63.619,6.29,23
375.226,56.672,6.62,24
392.363,61.446,6.39,25
382.205,56.869,6.72,26
405.610,61.206,6.63,27
359.692,54.270,6.63,28
370.141,54.870,6.75,29
345.986,54.922,6.30,30
435.625,68.450,6.36,31
359.120,52.521,6.84,32
431.260,433.171,1.00,1
349.005,176.191,1.98,2
432.241,267.078,1.62,3
377.660,157.683,2.40,4
430.253,181.448,2.37,5
362.315,115.529,3.14,6
430.903,133.207,3.23,7
358.724,93.197,3.85,8
413.569,101.514,4.07,9
354.961,76.481,4.64,10
353.791,72.647,4.87,11
382.804,69.782,5.49,12
355.396,62.493,5.69,13
354.641,56.665,6.26,14
392.644,66.145,5.94,15
347.945,55.275,6.29,16
396.922,64.724,6.13,17
395.319,62.621,6.31,18
374.510,62.123,6.03,19
348.143,60.026,5.80,20
430.548,70.414,6.11,21
348.406,53.426,6.52,22
374.180,55.058,6.80,23
348.805,53.616,6.51,24
347.075,52.030,6.67,25
325.818,50.053,6.51,26
436.672,63.206,6.91,27
346.447,51.596,6.71,28
346.436,53.997,6.42,29
356.289,52.364,6.80,30
361.161,53.441,6.76,31
436.757,67.170,6.50,32
378.758,378.925,1.00,1
358.184,180.081,1.99,2
403.794,247.554,1.63,3
354.010,146.407,2.42,4
381.946,159.971,2.39,5
347.526,111.293,3.12,6
423.907,129.710,3.27,7
324.447,83.820,3.87,8
375.867,92.241,4.07,9
345.437,74.365,4.65,10
357.425,73.019,4.89,11
349.701,64.612,5.41,12
414.163,73.497,5.64,13
346.034,55.793,6.20,14
329.307,52.765,6.24,15
401.813,65.235,6.16,16
361.326,64.545,5.60,17
382.593,67.845,5.64,18
348.316,58.076,6.00,19
366.711,57.677,6.36,20
352.102,57.646,6.11,21
420.093,65.869,6.38,22
352.097,55.133,6.39,23
400.517,60.724,6.60,24
355.104,52.010,6.83,25
381.871,60.145,6.35,26
352.498,52.550,6.71,27
380.875,57.185,6.66,28
348.200,53.144,6.55,29
380.039,58.967,6.45,30
348.457,51.143,6.81,31
355.899,55.297,6.44,32
408.607,411.783,0.99,1
324.010,163.591,1.98,2
437.650,268.447,1.63,3
348.726,144.783,2.41,4
435.164,182.074,2.39,5
327.718,104.697,3.13,6
436.377,133.510,3.27,7
365.004,94.103,3.88,8
431.692,105.869,4.08,9
337.559,72.867,4.63,10
437.874,89.107,4.91,11
419.779,76.681,5.47,12
356.608,62.958,5.66,13
434.164,69.493,6.25,14
437.151,69.374,6.30,15
354.024,54.510,6.49,16
354.107,59.884,5.91,17
350.575,61.165,5.73,18
348.668,61.366,5.68,19
319.392,52.374,6.10,20
349.000,57.045,6.12,21
436.748,66.295,6.59,22
362.289,56.847,6.37,23
436.342,65.257,6.69,24
361.424,56.738,6.37,25
345.902,55.577,6.22,26
360.694,55.231,6.53,27
347.584,51.394,6.76,28
355.942,52.108,6.83,29
419.505,62.597,6.70,30
346.172,55.057,6.29,31
348.574,54.044,6.45,32
438.224,437.190,1.00,1
362.037,182.768,1.98,2
436.597,267.673,1.63,3
359.131,148.880,2.41,4
433.629,181.672,2.39,5
350.796,112.170,3.13,6
433.700,133.215,3.26,7
319.726,83.491,3.83,8
429.793,105.492,4.07,9
319.673,68.552,4.66,10
431.163,88.452,4.87,11
346.794,64.035,5.42,12
356.851,63.099,5.66,13
345.594,55.832,6.19,14
325.476,56.404,5.77,15
346.479,60.196,5.76,16
355.863,60.180,5.91,17
356.003,64.062,5.56,18
360.566,58.589,6.15,19
319.317,52.663,6.06,20
361.156,58.535,6.17,21
382.206,59.173,6.46,22
361.029,56.679,6.37,23
321.331,49.212,6.53,24
360.438,55.355,6.51,25
320.231,49.623,6.45,26
358.430,53.777,6.67,27
376.275,57.096,6.59,28
356.348,56.014,6.36,29
356.975,55.181,6.47,30
437.685,66.841,6.55,31
435.936,67.820,6.43,32
345.775,349.589,0.99,1
437.561,219.173,2.00,2
348.867,215.320,1.62,3
433.226,181.274,2.39,4
349.143,145.626,2.40,5
436.114,138.735,3.14,6
385.331,118.852,3.24,7
437.706,112.533,3.89,8
325.095,79.342,4.10,9
436.189,92.351,4.72,10
324.765,66.836,4.86,11
325.998,59.958,5.44,12
325.751,57.411,5.67,13
350.562,56.205,6.24,14
361.005,59.358,6.08,15
353.432,58.269,6.07,16
359.065,61.190,5.87,17
360.904,60.764,5.94,18
361.376,60.205,6.00,19
360.940,60.368,5.98,20
361.018,57.265,6.30,21
429.677,71.325,6.02,22
347.227,52.718,6.59,23
436.949,67.501,6.47,24
360.919,53.705,6.72,25
361.008,53.319,6.77,26
345.651,52.664,6.56,27
361.004,54.443,6.63,28
339.322,53.072,6.39,29
348.705,51.197,6.81,30
434.251,67.050,6.48,31
349.127,54.224,6.44,32
399.081,401.160,0.99,1
361.189,181.157,1.99,2
364.975,225.091,1.62,3
434.028,181.184,2.40,4
343.598,143.213,2.40,5
355.632,114.558,3.10,6
360.757,110.677,3.26,7
435.599,112.861,3.86,8
350.696,85.647,4.09,9
435.881,92.572,4.71,10
348.327,71.529,4.87,11
346.354,64.204,5.39,12
346.481,61.337,5.65,13
430.320,69.639,6.18,14
356.641,57.397,6.21,15
355.498,62.107,5.72,16
346.999,60.292,5.76,17
356.155,61.662,5.78,18
347.768,61.091,5.69,19
360.918,60.037,6.01,20
348.617,56.776,6.14,21
348.470,54.484,6.40,22
435.693,65.832,6.62,23
360.874,53.701,6.72,24
361.175,53.596,6.74,25
404.050,62.436,6.47,26
356.527,54.001,6.60,27
361.052,53.148,6.79,28
420.174,62.119,6.76,29
354.564,53.711,6.60,30
353.162,52.506,6.73,31
353.760,52.524,6.74,32
331.078,330.470,1.00,1
327.231,165.315,1.98,2
434.501,267.730,1.62,3
347.768,144.186,2.41,4
434.099,181.360,2.39,5
351.363,111.315,3.16,6
432.937,133.237,3.25,7
336.369,87.432,3.85,8
431.906,105.945,4.08,9
345.588,74.268,4.65,10
432.391,89.053,4.86,11
436.284,79.870,5.46,12
345.975,61.374,5.64,13
432.810,69.742,6.21,14
361.386,57.954,6.24,15
435.933,70.476,6.19,16
437.547,75.464,5.80,17
356.886,61.163,5.84,18
404.231,69.383,5.83,19
353.848,56.731,6.24,20
319.482,51.136,6.25,21
351.635,55.719,6.31,22
348.804,52.526,6.64,23
319.440,49.026,6.52,24
328.272,49.488,6.63,25
350.725,54.888,6.39,26
403.350,61.813,6.53,27
344.827,52.435,6.58,28
377.074,55.005,6.86,29
429.366,64.553,6.65,30
372.780,55.034,6.77,31
436.929,66.426,6.58,32
348.061,350.098,0.99,1
433.725,218.259,1.99,2
343.038,211.606,1.62,3
358.004,150.193,2.38,4
337.169,140.921,2.39,5
432.054,138.823,3.11,6
358.720,110.240,3.25,7
436.926,112.205,3.89,8
354.894,86.381,4.11,9
360.683,76.611,4.71,10
431.761,89.020,4.85,11
348.870,64.237,5.43,12
355.654,63.099,5.64,13
437.096,69.478,6.29,14
363.239,57.953,6.27,15
360.748,54.770,6.59,16
355.417,55.561,6.40,17
347.114,59.450,5.84,18
355.349,57.697,6.16,19
346.702,56.361,6.15,20
347.273,55.784,6.23,21
437.529,68.281,6.41,22
348.042,54.251,6.42,23
348.495,55.221,6.31,24
330.422,52.125,6.34,25
431.543,64.182,6.72,26
414.519,63.698,6.51,27
361.521,53.101,6.81,28
357.916,52.018,6.88,29
325.701,47.258,6.89,30
358.256,54.426,6.58,31
360.687,51.907,6.95,32
350.961,351.185,1.00,1
455.190,234.258,1.94,2
454.947,279.478,1.63,3
455.480,180.762,2.52,4
349.263,145.528,2.40,5
360.181,114.559,3.14,6
357.574,109.869,3.25,7
430.747,112.169,3.84,8
345.881,84.903,4.07,9
355.846,77.230,4.61,10
346.643,71.247,4.87,11
358.450,65.894,5.44,12
325.907,57.355,5.68,13
348.918,55.854,6.25,14
360.899,57.366,6.29,15
346.022,62.349,5.55,16
437.587,71.322,6.14,17
437.315,73.526,5.95,18
432.886,76.422,5.66,19
360.925,59.292,6.09,20
355.444,57.907,6.14,21
361.112,55.095,6.55,22
437.405,63.846,6.85,23
429.645,65.729,6.54,24
348.540,55.467,6.28,25
329.724,52.103,6.33,26
350.949,53.324,6.58,27
360.965,54.081,6.67,28
398.703,59.521,6.70,29
367.376,54.015,6.80,30
346.336,52.132,6.64,31
398.873,60.019,6.65,32
379.817,379.614,1.00,1
347.474,176.421,1.97,2
434.592,267.854,1.62,3
324.387,135.073,2.40,4
437.171,181.287,2.41,5
362.110,114.730,3.16,6
420.833,128.726,3.27,7
358.487,93.754,3.82,8
358.163,87.330,4.10,9
356.093,76.022,4.68,10
436.168,89.103,4.90,11
356.529,65.835,5.42,12
354.197,62.236,5.69,13
357.341,57.394,6.23,14
346.105,55.720,6.21,15
360.704,58.350,6.18,16
355.278,61.508,5.78,17
418.552,71.300,5.87,18
380.520,65.556,5.80,19
346.186,59.548,5.81,20
346.532,55.530,6.24,21
328.824,51.129,6.43,22
347.836,53.238,6.53,23
355.475,53.840,6.60,24
346.662,51.852,6.69,25
326.457,50.153,6.51,26
347.695,51.349,6.77,27
361.001,53.347,6.77,28
407.840,62.854,6.49,29
364.417,56.498,6.45,30
358.881,54.782,6.55,31
357.419,55.121,6.48,32
327.882,327.462,1.00,1
353.455,178.613,1.98,2
431.955,267.528,1.61,3
362.536,150.569,2.41,4
357.642,149.886,2.39,5
351.655,112.545,3.12,6
433.345,133.488,3.25,7
346.058,89.807,3.85,8
436.099,106.059,4.11,9
327.153,70.251,4.66,10
325.702,66.954,4.86,11
323.427,59.650,5.42,12
364.173,64.180,5.67,13
349.005,55.599,6.28,14
360.641,59.794,6.03,15
430.273,70.612,6.09,16
360.548,66.036,5.46,17
348.487,58.220,5.99,18
360.973,62.971,5.73,19
360.615,59.458,6.06,20
359.946,58.822,6.12,21
384.946,59.088,6.51,22
353.045,56.886,6.21,23
348.973,54.925,6.35,24
380.324,56.827,6.69,25
319.212,48.407,6.59,26
393.674,58.706,6.71,27
429.489,65.802,6.53,28
388.194,57.783,6.72,29
346.009,54.503,6.35,30
347.067,51.911,6.69,31
435.088,63.158,6.89,32
346.455,349.967,0.99,1
436.377,219.034,1.99,2
348.671,215.342,1.62,3
435.860,182.662,2.39,4
348.843,145.646,2.40,5
430.173,138.693,3.10,6
349.586,107.531,3.25,7
430.832,112.515,3.83,8
361.133,88.016,4.10,9
436.135,93.907,4.64,10
335.531,69.150,4.85,11
356.035,65.773,5.41,12
436.773,76.385,5.72,13
354.086,56.665,6.25,14
354.621,59.882,5.92,15
355.998,62.725,5.68,16
348.668,58.089,6.00,17
429.595,71.777,5.99,18
360.643,54.694,6.59,19
322.945,54.469,5.93,20
348.496,56.945,6.12,21
348.703,54.912,6.35,22
360.680,53.382,6.76,23
319.265,48.929,6.53,24
436.886,65.346,6.69,25
348.119,55.483,6.27,26
348.889,52.282,6.67,27
319.803,48.493,6.59,28
348.990,51.020,6.84,29
319.802,49.617,6.45,30
360.866,55.427,6.51,31
360.570,53.004,6.80,32
382.901,382.688,1.00,1
374.871,189.274,1.98,2
399.692,247.441,1.62,3
346.783,145.682,2.38,4
385.658,159.973,2.41,5
381.765,121.413,3.14,6
375.329,116.027,3.23,7
346.091,89.763,3.86,8
360.642,87.893,4.10,9
348.767,74.294,4.69,10
436.200,88.917,4.91,11
360.610,66.126,5.45,12
400.471,71.052,5.64,13
347.143,55.626,6.24,14
346.683,55.615,6.23,15
360.967,56.688,6.37,16
347.936,64.131,5.43,17
348.871,62.736,5.56,18
355.493,63.217,5.62,19
360.575,60.255,5.98,20
359.505,58.882,6.11,21
358.035,55.369,6.47,22
360.503,55.014,6.55,23
357.696,53.464,6.69,24
320.396,47.195,6.79,25
319.426,47.672,6.70,26
360.889,55.092,6.55,27
430.621,64.175,6.71,28
360.906,55.149,6.54,29
395.343,61.653,6.41,30
349.615,56.190,6.22,31
371.419,58.042,6.40,32
421.844,421.161,1.00,1
326.267,163.574,1.99,2
432.606,267.387,1.62,3
365.552,151.813,2.41,4
431.292,180.815,2.39,5
363.331,116.155,3.13,6
437.412,134.581,3.25,7
346.972,89.642,3.87,8
429.390,105.588,4.07,9
361.922,77.509,4.67,10
425.600,87.111,4.89,11
356.132,65.919,5.40,12
417.802,73.834,5.66,13
355.415,56.985,6.24,14
360.588,57.368,6.29,15
353.342,57.647,6.13,16
326.042,56.045,5.82,17
348.906,58.769,5.94,18
348.586,60.213,5.79,19
415.821,71.470,5.82,20
355.636,59.304,6.00,21
361.218,56.381,6.41,22
413.694,66.059,6.26,23
361.420,54.373,6.65,24
360.845,55.485,6.50,25
345.989,53.659,6.45,26
378.757,58.386,6.49,27
328.281,49.994,6.57,28
346.122,50.922,6.80,29
346.015,51.818,6.68,30
348.386,51.140,6.81,31
348.123,54.056,6.44,32
421.563,420.694,1.00,1
326.612,165.472,1.97,2
433.035,267.929,1.62,3
355.636,147.948,2.40,4
416.910,174.762,2.39,5
352.684,112.808,3.13,6
381.841,117.552,3.25,7
345.397,89.699,3.85,8
431.114,106.051,4.07,9
325.504,69.436,4.69,10
430.238,88.793,4.85,11
429.269,79.588,5.39,12
355.903,62.720,5.67,13
346.645,55.797,6.21,14
347.947,55.942,6.22,15
348.359,57.010,6.11,16
434.842,70.961,6.13,17
348.660,62.780,5.55,18
360.488,61.827,5.83,19
321.338,53.289,6.03,20
346.583,56.812,6.10,21
348.953,53.939,6.47,22
424.140,65.004,6.52,23
362.881,57.361,6.33,24
415.272,63.185,6.57,25
360.467,56.724,6.35,26
356.503,52.687,6.77,27
353.416,51.761,6.83,28
354.568,52.412,6.77,29
432.987,67.524,6.41,30
360.761,53.777,6.71,31
347.892,54.245,6.41,32
348.793,351.684,0.99,1
432.317,218.150,1.98,2
348.174,216.758,1.61,3
360.842,148.073,2.44,4
325.123,136.083,2.39,5
430.270,138.162,3.11,6
357.901,110.403,3.24,7
440.139,113.266,3.89,8
348.333,84.901,4.10,9
429.200,92.540,4.64,10
319.276,65.906,4.84,11
319.951,59.096,5.41,12
360.674,63.274,5.70,13
319.797,51.514,6.21,14
360.727,57.860,6.23,15
355.487,61.092,5.82,16
354.656,61.868,5.73,17
436.147,72.422,6.02,18
353.395,56.818,6.22,19
360.509,59.969,6.01,20
319.152,50.458,6.33,21
319.762,49.106,6.51,22
348.426,56.498,6.17,23
355.284,53.682,6.62,24
360.404,54.708,6.59,25
345.765,53.696,6.44,26
348.683,51.688,6.75,27
360.450,53.325,6.76,28
345.808,51.513,6.71,29
360.455,53.065,6.79,30
348.212,52.366,6.65,31
346.862,53.753,6.45,32
431.137,433.206,1.00,1
347.876,176.191,1.97,2
432.499,268.073,1.61,3
357.513,148.620,2.41,4
329.434,138.312,2.38,5
358.053,113.929,3.14,6
436.942,133.626,3.27,7
353.501,90.914,3.89,8
433.182,105.908,4.09,9
319.375,69.357,4.60,10
430.209,88.221,4.88,11
348.528,64.194,5.43,12
348.652,61.344,5.68,13
346.016,55.701,6.21,14
429.945,69.236,6.21,15
430.577,72.376,5.95,16
437.131,74.338,5.88,17
360.749,63.840,5.65,18
347.802,56.247,6.18,19
346.900,56.691,6.12,20
325.789,50.008,6.51,21
348.784,54.133,6.44,22
428.601,63.238,6.78,23
360.373,54.124,6.66,24
367.388,55.480,6.62,25
400.832,61.288,6.54,26
420.571,64.228,6.55,27
359.127,78.918,4.55,28
358.657,53.782,6.67,29
360.712,52.654,6.85,30
353.595,54.329,6.51,31
320.832,48.725,6.58,32
348.824,349.305,1.00,1
351.693,176.617,1.99,2
378.979,236.376,1.60,3
378.374,158.936,2.38,4
348.597,145.686,2.39,5
360.611,113.909,3.17,6
364.420,112.681,3.23,7
365.124,94.884,3.85,8
346.597,84.837,4.09,9
385.101,81.769,4.71,10
335.928,68.846,4.88,11
362.164,66.399,5.45,12
360.737,63.102,5.72,13
325.351,52.057,6.25,14
360.454,58.131,6.20,15
360.563,58.984,6.11,16
401.989,66.153,6.08,17
357.535,58.610,6.10,18
349.491,58.575,5.97,19
356.231,57.198,6.23,20
358.248,57.953,6.18,21
358.909,56.918,6.31,22
360.633,59.391,6.07,23
349.366,54.817,6.37,24
348.517,53.864,6.47,25
430.540,66.062,6.52,26
392.186,60.553,6.48,27
364.318,55.797,6.53,28
346.574,51.519,6.73,29
355.706,54.256,6.56,30
348.111,54.128,6.43,31
360.929,52.828,6.83,32
345.903,345.042,1.00,1
434.845,218.538,1.99,2
348.182,215.305,1.62,3
430.861,180.805,2.38,4
349.216,145.566,2.40,5
430.268,138.634,3.10,6
356.347,109.612,3.25,7
415.831,108.199,3.84,8
357.944,87.030,4.11,9
425.856,90.407,4.71,10
356.497,73.362,4.86,11
330.016,60.297,5.47,12
346.758,61.313,5.66,13
429.706,69.380,6.19,14
345.939,56.889,6.08,15
364.655,59.762,6.10,16
355.427,60.449,5.88,17
440.603,75.343,5.85,18
346.188,59.553,5.81,19
346.240,55.774,6.21,20
355.409,58.549,6.07,21
358.731,56.732,6.32,22
355.421,57.785,6.15,23
356.238,54.736,6.51,24
357.850,55.357,6.46,25
437.293,68.428,6.39,26
319.647,49.655,6.44,27
332.391,50.715,6.55,28
355.267,53.787,6.61,29
355.681,55.736,6.38,30
360.654,52.117,6.92,31
353.350,51.436,6.87,32
352.532,354.219,1.00,1
424.080,214.029,1.98,2
370.953,228.462,1.62,3
371.178,153.174,2.42,4
336.349,140.479,2.39,5
355.517,114.415,3.11,6
352.585,108.133,3.26,7
430.447,111.920,3.85,8
371.992,91.562,4.06,9
428.976,92.244,4.65,10
348.748,71.036,4.91,11
355.481,65.960,5.39,12
348.625,61.554,5.66,13
349.118,55.778,6.26,14
348.307,55.673,6.26,15
355.275,57.194,6.21,16
355.484,61.686,5.76,17
346.348,62.273,5.56,18
360.595,59.192,6.09,19
360.732,60.432,5.97,20
347.972,57.145,6.09,21
347.135,53.717,6.46,22
420.508,65.915,6.38,23
401.816,61.126,6.57,24
362.663,55.107,6.58,25
355.671,54.239,6.56,26
348.414,53.098,6.56,27
355.819,54.470,6.53,28
436.778,63.074,6.92,29
319.211,48.063,6.64,30
435.671,64.943,6.71,31
347.869,51.467,6.76,32
403.704,403.243,1.00,1
355.634,179.678,1.98,2
433.312,267.862,1.62,3
354.564,147.715,2.40,4
357.903,149.899,2.39,5
360.047,114.629,3.14,6
435.909,133.255,3.27,7
323.039,83.368,3.87,8
433.290,105.942,4.09,9
357.783,76.719,4.66,10
436.731,88.362,4.94,11
346.159,64.217,5.39,12
346.359,61.582,5.62,13
348.802,55.840,6.25,14
349.252,55.665,6.27,15
348.017,56.779,6.13,16
348.577,62.484,5.58,17
398.688,67.323,5.92,18
358.016,62.660,5.71,19
392.757,66.512,5.91,20
436.248,69.270,6.30,21
345.847,53.985,6.41,22
360.601,57.686,6.25,23
345.594,53.016,6.52,24
355.917,53.509,6.65,25
429.776,65.983,6.51,26
346.821,53.923,6.43,27
360.887,53.253,6.78,28
324.688,50.113,6.48,29
323.001,49.340,6.55,30
350.972,51.059,6.87,31
361.224,55.626,6.49,32
399.647,398.833,1.00,1
327.020,165.722,1.97,2
375.909,233.260,1.61,3
364.865,151.823,2.40,4
357.462,149.956,2.38,5
360.040,114.495,3.14,6
377.204,116.909,3.23,7
345.388,90.800,3.80,8
360.801,87.679,4.12,9
327.279,69.894,4.68,10
436.398,88.903,4.91,11
355.656,65.963,5.39,12
324.825,57.382,5.66,13
361.381,57.400,6.30,14
349.795,56.540,6.19,15
432.943,71.359,6.07,16
352.533,63.272,5.57,17
335.986,58.233,5.77,18
325.135,54.666,5.95,19
347.238,59.792,5.81,20
353.223,56.843,6.21,21
357.561,54.949,6.51,22
358.381,54.838,6.54,23
361.239,54.326,6.65,24
319.852,50.279,6.36,25
361.135,54.611,6.61,26
397.280,61.327,6.48,27
357.184,54.262,6.58,28
360.725,55.292,6.52,29
403.399,64.729,6.23,30
360.569,52.499,6.87,31
356.266,53.297,6.68,32
359.135,360.451,1.00,1
436.852,219.555,1.99,2
362.737,223.887,1.62,3
357.040,149.996,2.38,4
363.333,151.461,2.40,5
436.656,137.940,3.17,6
330.670,102.169,3.24,7
421.858,108.321,3.89,8
324.214,79.334,4.09,9
435.719,92.294,4.72,10
348.479,71.555,4.87,11
355.910,65.668,5.42,12
429.592,76.251,5.63,13
347.983,55.943,6.22,14
436.566,69.939,6.24,15
396.773,65.628,6.05,16
345.891,62.098,5.57,17
356.431,60.886,5.85,18
437.268,76.304,5.73,19
391.954,65.418,5.99,20
348.052,57.500,6.05,21
346.317,54.889,6.31,22
346.404,52.709,6.57,23
346.579,50.441,6.87,24
345.932,52.953,6.53,25
348.597,55.156,6.32,26
346.295,51.274,6.75,27
348.559,52.776,6.60,28
348.411,55.105,6.32,29
356.222,53.116,6.71,30
348.137,50.049,6.96,31
347.752,53.710,6.47,32
348.309,349.088,1.00,1
370.718,187.286,1.98,2
353.478,219.121,1.61,3
348.277,144.447,2.41,4
366.066,153.503,2.38,5
348.823,111.390,3.13,6
385.853,118.023,3.27,7
348.300,90.686,3.84,8
361.188,87.805,4.11,9
348.265,74.301,4.69,10
435.891,88.934,4.90,11
345.517,64.263,5.38,12
429.974,76.258,5.64,13
398.961,63.458,6.29,14
402.237,63.840,6.30,15
382.020,62.091,6.15,16
436.626,71.321,6.12,17
381.232,68.174,5.59,18
437.416,69.660,6.28,19
366.547,59.189,6.19,20
319.773,52.712,6.07,21
344.949,51.755,6.67,22
348.368,52.376,6.65,23
349.377,53.015,6.59,24
349.204,51.833,6.74,25
355.657,53.365,6.66,26
361.022,53.809,6.71,27
348.466,55.327,6.30,28
360.935,52.271,6.91,29
347.503,53.423,6.50,30
319.468,46.774,6.83,31
319.615,46.479,6.88,32
332.384,331.634,1.00,1
347.840,175.882,1.98,2
367.087,228.562,1.61,3
436.409,179.594,2.43,4
349.045,145.621,2.40,5
435.905,137.895,3.16,6
366.094,112.481,3.25,7
430.967,112.088,3.84,8
346.059,84.928,4.07,9
430.894,93.505,4.61,10
356.535,73.428,4.86,11
435.788,79.511,5.48,12
346.145,61.343,5.64,13
346.603,55.981,6.19,14
437.532,69.377,6.31,15
436.440,75.972,5.74,16
346.210,61.606,5.62,17
325.739,57.277,5.69,18
347.238,58.147,5.97,19
325.811,53.455,6.10,20
355.715,57.159,6.22,21
346.550,53.276,6.50,22
348.846,53.645,6.50,23
363.197,55.361,6.56,24
361.042,56.422,6.40,25
404.046,62.416,6.47,26
347.993,51.907,6.70,27
347.178,51.147,6.79,28
436.263,62.833,6.94,29
355.828,52.515,6.78,30
350.802,52.194,6.72,31
361.213,56.899,6.35,32
364.145,366.977,0.99,1
384.174,193.092,1.99,2
323.061,200.028,1.62,3
330.223,135.869,2.43,4
348.672,145.544,2.40,5
429.967,138.690,3.10,6
368.739,113.148,3.26,7
436.851,112.188,3.89,8
363.114,88.692,4.09,9
437.072,92.550,4.72,10
345.609,71.167,4.86,11
347.238,64.027,5.42,12
347.372,61.304,5.67,13
347.108,55.796,6.22,14
347.350,55.647,6.24,15
360.966,58.305,6.19,16
356.578,61.633,5.79,17
431.380,76.702,5.62,18
347.840,60.289,5.77,19
318.949,54.063,5.90,20
338.477,53.036,6.38,21
319.676,48.842,6.55,22
348.926,51.197,6.82,23
436.686,66.513,6.57,24
334.132,51.264,6.52,25
319.863,47.771,6.70,26
347.314,53.779,6.46,27
429.558,64.747,6.63,28
348.411,53.235,6.54,29
360.669,55.514,6.50,30
412.582,61.386,6.72,31
361.309,53.395,6.77,32
357.007,358.428,1.00,1
436.031,218.644,1.99,2
358.689,221.151,1.62,3
434.494,181.302,2.40,4
337.598,141.065,2.39,5
431.247,138.689,3.11,6
338.421,104.778,3.23,7
436.071,112.266,3.88,8
357.861,87.333,4.10,9
425.994,90.620,4.70,10
359.228,73.856,4.86,11
329.580,61.072,5.40,12
436.120,76.429,5.71,13
319.694,51.394,6.22,14
435.632,69.839,6.24,15
376.295,62.257,6.04,16
356.492,61.914,5.76,17
350.454,59.228,5.92,18
358.031,60.578,5.91,19
324.998,55.067,5.90,20
360.885,58.717,6.15,21
347.323,54.856,6.33,22
347.853,56.205,6.19,23
356.782,54.485,6.55,24
327.827,51.593,6.35,25
415.290,66.662,6.23,26
436.965,67.061,6.52,27
353.401,53.429,6.61,28
354.602,52.023,6.82,29
349.942,55.994,6.25,30
360.604,52.678,6.85,31
355.817,57.205,6.22,32
330.214,334.044,0.99,1
435.643,218.752,1.99,2
370.586,228.844,1.62,3
436.115,179.028,2.44,4
348.790,145.508,2.40,5
391.499,126.168,3.10,6
380.145,117.656,3.23,7
430.402,111.803,3.85,8
346.165,84.826,4.08,9
430.158,92.487,4.65,10
346.140,71.342,4.85,11
355.855,65.875,5.40,12
334.327,59.065,5.66,13
325.688,52.197,6.24,14
324.921,52.038,6.24,15
436.455,70.646,6.18,16
345.958,57.249,6.04,17
360.659,63.883,5.65,18
345.693,55.853,6.19,19
356.296,61.074,5.83,20
345.959,56.708,6.10,21
361.351,53.878,6.71,22
360.693,53.971,6.68,23
345.800,53.144,6.51,24
325.417,51.408,6.33,25
348.083,50.953,6.83,26
398.923,60.748,6.57,27
346.181,51.116,6.77,28
327.704,50.716,6.46,29
379.322,56.571,6.71,30
435.767,63.835,6.83,31
347.727,52.742,6.59,32
401.835,402.016,1.00,1
347.850,176.338,1.97,2
432.026,268.003,1.61,3
332.667,139.090,2.39,4
432.655,181.542,2.38,5
325.068,103.714,3.13,6
432.144,133.389,3.24,7
349.118,90.525,3.86,8
430.812,105.974,4.07,9
330.454,70.984,4.66,10
431.079,88.445,4.87,11
348.413,64.024,5.44,12
345.811,61.350,5.64,13
345.625,55.730,6.20,14
348.451,55.752,6.25,15
439.063,68.614,6.40,16
356.678,61.629,5.79,17
356.219,63.749,5.59,18
364.189,61.409,5.93,19
362.952,62.780,5.78,20
351.497,55.110,6.38,21
355.850,56.534,6.29,22
360.418,55.623,6.48,23
431.643,66.013,6.54,24
354.933,54.794,6.48,25
356.820,54.873,6.50,26
360.847,54.314,6.64,27
392.651,59.576,6.59,28
360.987,55.653,6.49,29
353.496,52.372,6.75,30
357.079,52.885,6.75,31
408.417,60.254,6.78,32
350.280,349.839,1.00,1
325.836,165.649,1.97,2
382.271,234.395,1.63,3
371.951,154.138,2.41,4
399.846,167.582,2.39,5
348.842,110.917,3.15,6
368.768,112.708,3.27,7
351.062,91.647,3.83,8
376.543,92.485,4.07,9
358.750,77.026,4.66,10
327.954,67.274,4.87,11
348.181,64.019,5.44,12
360.791,63.086,5.72,13
345.972,55.825,6.20,14
421.093,68.396,6.16,15
397.101,64.460,6.16,16
346.338,59.490,5.82,17
348.388,58.903,5.91,18
403.481,67.292,6.00,19
345.825,58.526,5.91,20
319.305,52.565,6.07,21
352.174,55.300,6.37,22
433.138,65.734,6.59,23
345.741,52.814,6.55,24
325.897,49.841,6.54,25
347.986,51.567,6.75,26
360.782,55.372,6.52,27
360.951,53.480,6.75,28
436.403,66.711,6.54,29
345.866,51.515,6.71,30
346.163,55.500,6.24,31
432.576,65.889,6.57,32
345.599,349.492,0.99,1
433.644,219.197,1.98,2
348.777,215.397,1.62,3
319.651,134.528,2.38,4
348.586,145.520,2.40,5
431.431,139.074,3.10,6
366.374,113.264,3.23,7
415.591,108.829,3.82,8
360.416,88.607,4.07,9
415.214,89.704,4.63,10
352.076,72.323,4.87,11
352.325,64.799,5.44,12
357.626,63.210,5.66,13
357.050,57.451,6.21,14
371.826,61.232,6.07,15
355.710,63.160,5.63,16
357.255,63.684,5.61,17
356.973,66.180,5.39,18
354.721,59.598,5.95,19
319.774,51.474,6.21,20
354.501,58.002,6.11,21
437.216,69.015,6.34,22
353.555,53.763,6.58,23
351.506,53.731,6.54,24
325.380,50.418,6.45,25
404.070,63.474,6.37,26
325.062,47.105,6.90,27
360.804,52.997,6.81,28
345.564,51.807,6.67,29
361.292,52.162,6.93,30
346.124,54.380,6.36,31
348.531,52.702,6.61,32
348.776,349.463,1.00,1
432.211,218.370,1.98,2
348.729,215.333,1.62,3
357.348,149.929,2.38,4
348.330,145.510,2.39,5
430.085,138.604,3.10,6
347.669,107.115,3.25,7
433.427,112.130,3.87,8
324.699,79.323,4.09,9
435.993,92.613,4.71,10
348.415,71.591,4.87,11
322.984,59.125,5.46,12
345.814,61.332,5.64,13
346.691,55.795,6.21,14
346.715,55.717,6.22,15
361.386,56.755,6.37,16
327.947,54.917,5.97,17
346.882,63.732,5.44,18
347.014,56.882,6.10,19
325.534,51.253,6.35,20
361.299,59.270,6.10,21
345.630,56.038,6.17,22
360.856,55.626,6.49,23
360.893,52.957,6.81,24
362.686,54.788,6.62,25
366.394,54.982,6.66,26
363.384,54.616,6.65,27
358.117,54.256,6.60,28
360.876,53.184,6.79,29
358.480,55.919,6.41,30
417.245,64.487,6.47,31
360.800,54.214,6.66,32
355.421,355.869,1.00,1
423.875,213.665,1.98,2
354.636,218.122,1.63,3
358.121,149.572,2.39,4
353.740,147.507,2.40,5
435.261,138.456,3.14,6
348.617,107.049,3.26,7
436.120,111.936,3.90,8
348.216,84.889,4.10,9
436.700,92.484,4.72,10
348.032,71.591,4.86,11
360.732,65.869,5.48,12
429.433,76.107,5.64,13
350.933,56.562,6.20,14
347.574,55.842,6.22,15
361.230,61.628,5.86,16
361.023,59.517,6.07,17
345.777,59.674,5.79,18
420.452,71.536,5.88,19
379.062,61.262,6.19,20
346.478,57.996,5.97,21
360.579,55.842,6.46,22
348.246,51.895,6.71,23
362.750,58.715,6.18,24
348.500,55.170,6.32,25
319.647,49.968,6.40,26
355.262,55.033,6.46,27
359.664,52.519,6.85,28
348.281,52.852,6.59,29
355.841,54.452,6.53,30
436.536,66.226,6.59,31
348.359,52.517,6.63,32
342.085,343.340,1.00,1
363.536,183.993,1.98,2
433.024,268.104,1.62,3
331.688,138.743,2.39,4
437.228,181.836,2.40,5
387.530,123.578,3.14,6
417.899,128.882,3.24,7
357.413,93.264,3.83,8
431.052,105.838,4.07,9
356.651,76.941,4.64,10
350.178,71.801,4.88,11
436.732,79.904,5.47,12
431.366,76.319,5.65,13
353.029,56.815,6.21,14
356.823,57.456,6.21,15
360.681,58.327,6.18,16
356.136,63.451,5.61,17
325.385,54.513,5.97,18
387.894,65.042,5.96,19
355.266,60.349,5.89,20
361.097,58.624,6.16,21
348.294,53.837,6.47,22
319.514,48.384,6.60,23
360.738,54.479,6.62,24
345.387,54.396,6.35,25
355.883,56.310,6.32,26
347.551,52.847,6.58,27
351.910,52.260,6.73,28
348.970,51.158,6.82,29
347.402,51.487,6.75,30
435.527,63.359,6.87,31
429.825,68.655,6.26,32
389.959,390.749,1.00,1
349.061,176.013,1.98,2
351.417,215.681,1.63,3
349.436,144.489,2.42,4
380.260,159.543,2.38,5
364.507,116.087,3.14,6
365.986,113.292,3.23,7
346.099,90.088,3.84,8
356.118,87.367,4.08,9
345.996,74.341,4.65,10
437.426,89.319,4.90,11
356.663,66.082,5.40,12
402.430,70.439,5.71,13
358.468,57.722,6.21,14
360.657,57.648,6.26,15
431.688,76.425,5.65,16
357.822,62.711,5.71,17
431.964,74.260,5.82,18
356.738,58.620,6.09,19
360.895,60.816,5.93,20
353.441,57.341,6.16,21
358.398,55.248,6.49,22
353.977,55.081,6.43,23
359.434,55.474,6.48,24
351.579,53.134,6.62,25
380.081,60.654,6.27,26
324.670,48.925,6.64,27
357.156,55.114,6.48,28
363.135,52.829,6.87,29
345.663,55.021,6.28,30
347.004,51.894,6.69,31
356.279,54.577,6.53,32
388.922,388.093,1.00,1
326.762,165.597,1.97,2
387.891,237.918,1.63,3
348.791,144.198,2.42,4
377.744,157.904,2.39,5
352.398,112.113,3.14,6
380.101,117.566,3.23,7
346.084,89.684,3.86,8
361.018,87.862,4.11,9
346.069,75.074,4.61,10
430.472,88.378,4.87,11
355.698,66.007,5.39,12
406.348,70.960,5.73,13
345.865,55.786,6.20,14
321.043,51.677,6.21,15
345.408,60.283,5.73,16
325.911,53.641,6.08,17
354.317,62.921,5.63,18
436.761,71.797,6.08,19
358.869,60.567,5.93,20
357.258,58.790,6.08,21
356.136,56.514,6.30,22
323.926,49.148,6.59,23
361.294,55.754,6.48,24
358.066,53.082,6.75,25
357.817,53.976,6.63,26
354.711,53.756,6.60,27
360.962,53.024,6.81,28
319.056,47.152,6.77,29
352.096,51.689,6.81,30
393.954,60.935,6.47,31
346.127,54.437,6.36,32
400.722,400.389,1.00,1
333.745,169.688,1.97,2
433.365,268.322,1.62,3
378.984,157.915,2.40,4
433.454,181.118,2.39,5
349.575,111.605,3.13,6
431.732,133.281,3.24,7
345.390,89.923,3.84,8
435.753,106.055,4.11,9
325.081,69.520,4.68,10
437.327,89.198,4.90,11
348.121,64.249,5.42,12
319.478,56.625,5.64,13
348.812,55.714,6.26,14
361.090,57.211,6.31,15
348.128,56.871,6.12,16
355.975,60.720,5.86,17
347.384,61.399,5.66,18
355.480,59.920,5.93,19
355.903,60.629,5.87,20
347.181,56.524,6.14,21
347.148,58.068,5.98,22
361.244,53.159,6.80,23
412.644,62.113,6.64,24
402.995,60.674,6.64,25
426.962,65.887,6.48,26
358.972,53.895,6.66,27
360.710,53.476,6.75,28
356.726,55.723,6.40,29
357.991,55.000,6.51,30
357.664,54.887,6.52,31
355.720,56.028,6.35,32
357.045,356.744,1.00,1
436.038,502.731,0.87,2
360.384,222.929,1.62,3
360.981,148.188,2.44,4
348.758,145.510,2.40,5
429.856,137.908,3.12,6
358.906,110.097,3.26,7
376.312,97.933,3.84,8
346.769,84.853,4.09,9
355.857,77.242,4.61,10
346.277,71.529,4.84,11
347.414,63.792,5.45,12
347.354,61.327,5.66,13
325.457,52.071,6.25,14
420.483,67.599,6.22,15
345.866,60.753,5.69,16
346.915,59.847,5.80,17
361.086,61.040,5.92,18
350.497,57.317,6.12,19
440.071,73.315,6.00,20
355.850,57.275,6.21,21
360.908,55.845,6.46,22
360.586,54.570,6.61,23
355.268,55.028,6.46,24
436.358,68.896,6.33,25
416.369,62.912,6.62,26
432.841,65.933,6.56,27
360.605,56.254,6.41,28
394.130,57.610,6.84,29
358.534,54.938,6.53,30
405.826,62.005,6.55,31
357.905,54.586,6.56,32
413.524,413.164,1.00,1
327.059,165.692,1.97,2
433.129,267.484,1.62,3
382.225,159.741,2.39,4
435.030,182.018,2.39,5
377.681,120.301,3.14,6
432.108,133.052,3.25,7
346.021,89.777,3.85,8
436.173,105.939,4.12,9
348.571,74.258,4.69,10
437.499,88.394,4.95,11
361.357,65.873,5.49,12
431.023,76.321,5.65,13
348.433,55.867,6.24,14
351.148,56.476,6.22,15
348.950,62.298,5.60,16
347.457,55.375,6.27,17
361.105,63.271,5.71,18
381.167,65.833,5.79,19
347.714,55.204,6.30,20
347.208,55.701,6.23,21
347.397,54.248,6.40,22
361.399,56.481,6.40,23
348.014,54.272,6.41,24
356.109,56.399,6.31,25
348.183,53.045,6.56,26
436.773,63.388,6.89,27
347.812,51.018,6.82,28
348.402,50.676,6.88,29
380.365,54.907,6.93,30
361.186,56.724,6.37,31
358.972,52.421,6.85,32
438.210,437.174,1.00,1
359.380,181.435,1.98,2
434.657,267.718,1.62,3
356.201,149.262,2.39,4
436.396,180.977,2.41,5
353.508,113.047,3.13,6
436.629,133.506,3.27,7
352.702,92.132,3.83,8
433.162,105.955,4.09,9
401.636,86.929,4.62,10
348.844,71.643,4.87,11
412.741,76.633,5.39,12
349.384,61.812,5.65,13
376.266,60.500,6.22,14
356.055,57.226,6.22,15
324.754,53.223,6.10,16
360.852,60.976,5.92,17
437.244,79.844,5.48,18
348.863,57.740,6.04,19
348.535,57.685,6.04,20
349.713,57.106,6.12,21
347.286,54.934,6.32,22
355.934,56.545,6.29,23
356.714,51.994,6.86,24
325.168,49.697,6.54,25
347.306,52.248,6.65,26
355.943,53.416,6.66,27
348.108,51.831,6.72,28
348.697,51.647,6.75,29
399.114,61.710,6.47,30
346.550,52.584,6.59,31
421.373,62.846,6.70,32
423.270,424.319,1.00,1
362.610,183.503,1.98,2
431.221,267.202,1.61,3
355.747,147.784,2.41,4
419.920,174.261,2.41,5
357.886,114.178,3.13,6
424.387,130.362,3.26,7
351.797,91.504,3.84,8
436.942,106.403,4.11,9
357.304,76.461,4.67,10
436.056,88.890,4.91,11
345.896,64.213,5.39,12
346.283,61.341,5.65,13
348.511,55.580,6.27,14
348.171,55.641,6.26,15
348.842,56.763,6.15,16
347.515,52.441,6.63,17
325.755,54.566,5.97,18
355.998,61.860,5.75,19
384.840,62.924,6.12,20
361.335,55.950,6.46,21
345.651,53.289,6.49,22
346.896,53.202,6.52,23
347.714,52.991,6.56,24
402.123,62.014,6.48,25
355.861,53.874,6.61,26
348.149,52.089,6.68,27
346.431,52.602,6.59,28
327.176,49.025,6.67,29
347.308,50.264,6.91,30
345.819,55.135,6.27,31
355.949,52.382,6.80,32
348.622,349.817,1.00,1
435.755,218.887,1.99,2
322.980,199.967,1.62,3
337.467,139.097,2.43,4
360.047,150.011,2.40,5
356.358,114.392,3.12,6
345.525,106.590,3.24,7
399.941,103.210,3.88,8
319.660,78.351,4.08,9
420.366,90.153,4.66,10
348.772,71.244,4.90,11
356.369,65.952,5.40,12
348.529,61.669,5.65,13
355.932,56.971,6.25,14
356.298,57.395,6.21,15
319.621,55.108,5.80,16
360.989,61.401,5.88,17
346.845,56.626,6.13,18
360.965,60.515,5.96,19
322.970,52.079,6.20,20
346.983,55.356,6.27,21
347.012,55.100,6.30,22
361.175,54.425,6.64,23
437.079,65.566,6.67,24
390.689,58.782,6.65,25
436.102,65.400,6.67,26
347.815,52.453,6.63,27
360.717,53.484,6.74,28
349.541,51.454,6.79,29
360.704,56.374,6.40,30
348.026,51.394,6.77,31
347.314,53.771,6.46,32
412.237,411.832,1.00,1
362.023,183.830,1.97,2
380.707,233.280,1.63,3
364.346,151.349,2.41,4
402.228,168.050,2.39,5
349.777,111.301,3.14,6
360.719,110.279,3.27,7
358.951,92.054,3.90,8
401.855,97.723,4.11,9
319.207,68.620,4.65,10
350.632,71.952,4.87,11
355.954,65.885,5.40,12
358.274,63.091,5.68,13
407.692,64.843,6.29,14
379.773,60.452,6.28,15
361.432,57.576,6.28,16
347.795,54.968,6.33,17
355.914,62.528,5.69,18
360.911,61.359,5.88,19
436.135,68.654,6.35,20
345.907,57.759,5.99,21
355.817,55.646,6.39,22
346.885,52.742,6.58,23
346.959,52.772,6.57,24
361.182,54.819,6.59,25
346.946,53.969,6.43,26
436.272,65.916,6.62,27
325.842,49.218,6.62,28
373.324,54.897,6.80,29
345.982,50.436,6.86,30
348.602,51.235,6.80,31
347.821,51.617,6.74,32
346.929,349.790,0.99,1
436.929,219.096,1.99,2
325.166,201.411,1.61,3
344.824,144.245,2.39,4
352.145,146.808,2.40,5
398.681,128.638,3.10,6
359.850,110.626,3.25,7
402.912,105.194,3.83,8
358.723,87.242,4.11,9
437.696,92.853,4.71,10
353.286,72.450,4.88,11
355.382,65.153,5.45,12
347.797,61.374,5.67,13
351.720,56.587,6.22,14
355.981,57.832,6.16,15
361.490,58.720,6.16,16
360.745,61.461,5.87,17
348.121,60.382,5.77,18
347.081,58.626,5.92,19
355.459,56.318,6.31,20
346.733,57.293,6.05,21
346.085,54.862,6.31,22
347.507,54.985,6.32,23
360.535,54.566,6.61,24
360.027,54.563,6.60,25
347.674,51.904,6.70,26
355.276,55.152,6.44,27
437.805,65.711,6.66,28
330.428,51.555,6.41,29
374.189,59.044,6.34,30
348.041,53.296,6.53,31
349.098,53.043,6.58,32
351.758,351.031,1.00,1
347.921,176.257,1.97,2
434.456,267.622,1.62,3
348.097,145.637,2.39,4
421.000,174.576,2.41,5
334.139,106.305,3.14,6
404.046,123.545,3.27,7
358.723,92.023,3.90,8
404.724,98.271,4.12,9
358.879,76.398,4.70,10
436.638,88.972,4.91,11
353.750,65.234,5.42,12
325.431,57.401,5.67,13
391.640,62.291,6.29,14
351.395,56.458,6.22,15
361.089,58.460,6.18,16
361.349,61.037,5.92,17
356.065,62.258,5.72,18
369.479,61.385,6.02,19
345.864,58.762,5.89,20
361.056,59.100,6.11,21
357.358,56.644,6.31,22
365.770,54.855,6.67,23
347.884,51.609,6.74,24
356.566,56.106,6.36,25
347.093,55.327,6.27,26
361.155,55.666,6.49,27
436.555,66.166,6.60,28
418.381,64.230,6.51,29
354.648,51.918,6.83,30
412.392,63.776,6.47,31
322.817,47.225,6.84,32
362.024,361.769,1.00,1
354.199,178.793,1.98,2
434.220,267.284,1.62,3
352.179,147.250,2.39,4
434.713,181.235,2.40,5
347.232,111.137,3.12,6
432.694,133.164,3.25,7
346.677,89.860,3.86,8
436.321,105.962,4.12,9
335.228,71.637,4.68,10
437.456,88.359,4.95,11
346.275,64.051,5.41,12
435.929,76.228,5.72,13
345.781,55.726,6.21,14
355.945,57.594,6.18,15
361.186,57.378,6.29,16
357.717,61.166,5.85,17
361.080,60.479,5.97,18
354.142,58.548,6.05,19
357.891,56.887,6.29,20
370.334,57.650,6.42,21
350.770,57.766,6.07,22
356.462,54.220,6.57,23
345.496,52.216,6.62,24
436.939,64.221,6.80,25
360.958,54.648,6.61,26
348.059,52.002,6.69,27
348.826,52.205,6.68,28
356.220,53.000,6.72,29
319.745,50.357,6.35,30
319.313,50.948,6.27,31
348.656,52.741,6.61,32
347.046,347.231,1.00,1
348.269,176.080,1.98,2
360.811,221.239,1.63,3
367.886,152.258,2.42,4
435.706,181.573,2.40,5
343.381,109.271,3.14,6
359.997,110.283,3.26,7
344.075,89.078,3.86,8
419.638,101.951,4.12,9
373.131,79.481,4.69,10
431.264,89.060,4.84,11
346.400,64.024,5.41,12
347.688,61.346,5.67,13
398.577,64.204,6.21,14
391.821,63.043,6.22,15
346.384,56.957,6.08,16
374.282,60.636,6.17,17
356.718,63.885,5.58,18
401.612,67.467,5.95,19
325.657,53.543,6.08,20
346.741,53.966,6.43,21
373.717,55.675,6.71,22
399.548,60.499,6.60,23
346.277,53.216,6.51,24
347.116,53.876,6.44,25
401.193,61.661,6.51,26
328.503,49.118,6.69,27
436.980,64.275,6.80,28
361.154,53.339,6.77,29
355.940,52.008,6.84,30
353.167,54.867,6.44,31
436.369,65.331,6.68,32
346.782,350.095,0.99,1
435.421,218.550,1.99,2
350.248,215.296,1.63,3
358.065,150.001,2.39,4
349.175,145.649,2.40,5
399.724,128.304,3.12,6
348.857,107.780,3.24,7
384.481,98.835,3.89,8
324.785,79.312,4.10,9
355.976,75.725,4.70,10
383.580,78.313,4.90,11
324.350,59.857,5.42,12
355.754,63.149,5.63,13
366.313,58.539,6.26,14
319.055,51.458,6.20,15
361.851,58.734,6.16,16
418.210,71.985,5.81,17
361.015,62.809,5.75,18
354.976,58.592,6.06,19
360.703,60.389,5.97,20
355.667,58.572,6.07,21
361.246,56.896,6.35,22
355.979,56.548,6.30,23
345.984,52.564,6.58,24
346.874,52.783,6.57,25
356.353,53.264,6.69,26
348.511,53.116,6.56,27
361.319,54.582,6.62,28
346.819,52.932,6.55,29
361.469,52.493,6.89,30
361.283,53.876,6.71,31
430.151,66.845,6.44,32
354.087,357.016,0.99,1
435.194,218.709,1.99,2
353.830,217.284,1.63,3
425.580,177.599,2.40,4
363.042,151.203,2.40,5
419.060,132.332,3.17,6
397.517,121.536,3.27,7
357.148,91.954,3.88,8
435.347,105.632,4.12,9
341.469,73.776,4.63,10
367.691,74.908,4.91,11
349.840,64.522,5.42,12
348.982,61.322,5.69,13
319.963,51.513,6.21,14
348.753,56.091,6.22,15
435.858,71.167,6.12,16
436.867,78.729,5.55,17
348.157,62.718,5.55,18
349.095,60.600,5.76,19
347.620,59.150,5.88,20
347.859,56.625,6.14,21
379.823,60.808,6.25,22
324.671,49.532,6.55,23
347.283,52.960,6.56,24
437.528,65.239,6.71,25
429.778,65.603,6.55,26
358.521,55.523,6.46,27
358.795,53.589,6.70,28
418.810,61.503,6.81,29
356.762,52.553,6.79,30
358.432,52.966,6.77,31
434.350,65.325,6.65,32
353.198,354.199,1.00,1
437.920,219.479,2.00,2
348.461,215.456,1.62,3
437.111,178.989,2.44,4
349.421,145.543,2.40,5
431.712,138.728,3.11,6
349.903,107.241,3.26,7
436.066,111.834,3.90,8
349.106,84.882,4.11,9
428.820,92.747,4.62,10
431.218,89.123,4.84,11
398.344,73.735,5.40,12
328.036,58.067,5.65,13
431.121,69.344,6.22,14
360.623,57.250,6.30,15
361.089,58.353,6.19,16
404.313,73.440,5.51,17
359.797,60.750,5.92,18
354.079,58.594,6.04,19
361.169,58.142,6.21,20
360.768,58.043,6.22,21
356.758,55.143,6.47,22
355.681,52.081,6.83,23
355.031,55.717,6.37,24
361.090,56.962,6.34,25
348.282,50.955,6.84,26
347.863,52.536,6.62,27
436.279,66.104,6.60,28
360.943,54.284,6.65,29
345.413,50.507,6.84,30
361.381,53.489,6.76,31
393.829,58.694,6.71,32
351.840,353.388,1.00,1
436.460,218.585,2.00,2
348.697,216.535,1.61,3
433.150,180.428,2.40,4
349.854,145.633,2.40,5
429.381,138.075,3.11,6
349.535,107.378,3.26,7
430.950,111.746,3.86,8
357.571,87.572,4.08,9
361.022,76.496,4.72,10
358.277,73.456,4.88,11
358.225,65.588,5.46,12
358.728,62.925,5.70,13
354.979,56.888,6.24,14
354.982,56.601,6.27,15
361.278,56.351,6.41,16
346.551,58.844,5.89,17
360.807,62.908,5.74,18
355.451,62.702,5.67,19
346.287,58.705,5.90,20
326.980,53.151,6.15,21
400.877,61.089,6.56,22
329.709,48.675,6.77,23
347.923,53.200,6.54,24
357.201,54.879,6.51,25
360.861,53.746,6.71,26
435.815,65.378,6.67,27
360.970,54.362,6.64,28
347.398,52.914,6.57,29
319.997,46.969,6.81,30
382.646,59.279,6.46,31
436.741,62.934,6.94,32
362.643,363.596,1.00,1
436.361,218.880,1.99,2
360.774,223.075,1.62,3
435.076,181.378,2.40,4
412.466,171.297,2.41,5
355.807,112.975,3.15,6
436.129,133.430,3.27,7
345.882,89.988,3.84,8
357.334,87.297,4.09,9
346.065,74.378,4.65,10
437.389,89.237,4.90,11
360.530,65.745,5.48,12
323.601,56.975,5.68,13
437.063,69.579,6.28,14
346.328,58.062,5.96,15
429.793,73.044,5.88,16
325.463,55.824,5.83,17
404.718,66.361,6.10,18
361.351,60.273,6.00,19
360.839,61.291,5.89,20
435.977,70.901,6.15,21
348.469,57.389,6.07,22
349.501,51.025,6.85,23
430.967,65.687,6.56,24
365.159,54.991,6.64,25
362.987,52.872,6.87,26
360.101,53.572,6.72,27
436.431,63.527,6.87,28
356.727,56.452,6.32,29
353.042,53.224,6.63,30
355.182,55.927,6.35,31
334.559,48.284,6.93,32
335.502,336.024,1.00,1
435.905,218.397,2.00,2
350.565,215.347,1.63,3
358.483,149.736,2.39,4
349.787,145.718,2.40,5
435.862,138.060,3.16,6
349.150,107.143,3.26,7
429.896,111.734,3.85,8
344.945,84.379,4.09,9
437.127,93.472,4.68,10
348.659,71.624,4.87,11
361.227,66.036,5.47,12
319.847,56.618,5.65,13
348.602,55.883,6.24,14
347.707,55.886,6.22,15
407.205,63.709,6.39,16
358.706,61.820,5.80,17
401.194,71.101,5.64,18
361.194,61.503,5.87,19
360.036,59.528,6.05,20
356.291,55.724,6.39,21
360.714,56.457,6.39,22
354.375,53.889,6.58,23
363.911,55.922,6.51,24
351.201,53.565,6.56,25
360.993,54.744,6.59,26
327.082,50.547,6.47,27
402.243,60.866,6.61,28
348.131,52.642,6.61,29
355.706,52.288,6.80,30
421.152,63.701,6.61,31
348.617,53.825,6.48,32
346.874,350.022,0.99,1
434.877,218.036,1.99,2
379.300,234.819,1.62,3
361.335,148.638,2.43,4
349.587,145.636,2.40,5
430.585,137.925,3.12,6
329.069,101.275,3.25,7
430.329,113.476,3.79,8
350.363,85.696,4.09,9
432.273,92.616,4.67,10
361.758,73.470,4.92,11
357.308,66.190,5.40,12
353.186,62.044,5.69,13
326.422,52.174,6.26,14
355.548,57.176,6.22,15
322.436,52.090,6.19,16
354.009,59.978,5.90,17
347.316,59.761,5.81,18
357.147,62.928,5.68,19
351.202,56.966,6.17,20
347.412,57.086,6.09,21
349.302,52.397,6.67,22
399.993,60.979,6.56,23
319.100,49.060,6.50,24
353.752,53.378,6.63,25
346.568,52.709,6.58,26
346.897,53.447,6.49,27
348.975,53.817,6.48,28
400.566,60.745,6.59,29
346.330,52.031,6.66,30
352.440,52.713,6.69,31
367.728,55.586,6.62,32
348.324,350.256,0.99,1
434.776,218.628,1.99,2
328.078,202.093,1.62,3
358.791,149.721,2.40,4
353.637,147.765,2.39,5
398.642,128.028,3.11,6
356.337,109.675,3.25,7
436.636,112.036,3.90,8
370.447,89.998,4.12,9
431.791,92.543,4.67,10
436.418,88.241,4.95,11
345.978,64.037,5.40,12
349.216,61.540,5.67,13
348.984,55.883,6.24,14
326.695,52.580,6.21,15
360.993,58.328,6.19,16
437.073,73.200,5.97,17
361.338,63.260,5.71,18
341.163,58.470,5.83,19
347.772,54.324,6.40,20
327.953,51.527,6.36,21
347.086,55.000,6.31,22
360.741,53.997,6.68,23
347.186,52.695,6.59,24
431.939,66.284,6.52,25
361.211,52.233,6.92,26
346.404,53.227,6.51,27
349.224,53.278,6.55,28
361.123,52.405,6.89,29
356.197,53.074,6.71,30
351.255,55.837,6.29,31
403.340,63.039,6.40,32
436.909,436.854,1.00,1
350.108,176.831,1.98,2
435.909,267.452,1.63,3
349.138,144.282,2.42,4
434.449,181.032,2.40,5
355.385,112.938,3.15,6
437.064,133.574,3.27,7
348.499,90.642,3.84,8
356.462,87.556,4.07,9
346.345,75.014,4.62,10
430.483,89.062,4.83,11
360.857,65.873,5.48,12
350.936,61.936,5.67,13
324.263,51.866,6.25,14
326.428,52.100,6.27,15
357.830,58.629,6.10,16
346.603,57.137,6.07,17
347.115,62.688,5.54,18
357.374,62.756,5.69,19
361.538,60.814,5.94,20
381.713,59.310,6.44,21
360.972,56.539,6.38,22
324.800,51.545,6.30,23
327.804,49.659,6.60,24
356.830,55.510,6.43,25
357.690,54.711,6.54,26
359.654,54.957,6.54,27
382.804,58.251,6.57,28
351.927,50.734,6.94,29
351.150,51.916,6.76,30
361.078,52.484,6.88,31
346.763,51.775,6.70,32
326.584,327.290,1.00,1
379.502,190.524,1.99,2
347.073,215.954,1.61,3
360.850,148.286,2.43,4
326.299,136.155,2.40,5
393.798,126.561,3.11,6
349.636,107.348,3.26,7
431.689,111.949,3.86,8
347.303,84.856,4.09,9
430.637,92.571,4.65,10
346.738,71.552,4.85,11
437.950,79.949,5.48,12
437.454,76.311,5.73,13
346.607,55.755,6.22,14
346.648,55.765,6.22,15
361.080,58.678,6.15,16
353.542,61.331,5.76,17
361.187,60.962,5.92,18
322.480,52.462,6.15,19
359.706,61.452,5.85,20
354.977,59.056,6.01,21
355.423,55.003,6.46,22
353.617,54.648,6.47,23
351.897,53.490,6.58,24
348.876,54.145,6.44,25
349.219,53.771,6.49,26
361.199,54.396,6.64,27
348.427,52.430,6.65,28
349.178,52.024,6.71,29
361.018,54.372,6.64,30
346.515,53.925,6.43,31
346.944,52.848,6.56,32
408.269,408.303,1.00,1
348.550,176.114,1.98,2
435.363,267.109,1.63,3
351.147,145.961,2.41,4
434.564,181.774,2.39,5
347.432,110.952,3.13,6
433.350,133.220,3.25,7
349.483,90.414,3.87,8
436.652,105.987,4.12,9
365.121,77.540,4.71,10
434.271,88.899,4.88,11
357.329,66.389,5.38,12
359.096,62.999,5.70,13
355.283,57.039,6.23,14
400.725,64.267,6.24,15
372.885,68.495,5.44,16
437.914,75.645,5.79,17
352.157,62.939,5.60,18
399.949,63.944,6.25,19
347.181,56.612,6.13,20
356.016,58.427,6.09,21
435.752,68.782,6.34,22
330.622,48.630,6.80,23
347.312,56.192,6.18,24
355.742,54.493,6.53,25
349.697,55.946,6.25,26
349.226,52.553,6.65,27
381.277,56.620,6.73,28
361.638,52.992,6.82,29
385.335,59.029,6.53,30
348.038,51.347,6.78,31
356.593,57.992,6.15,32
346.876,350.337,0.99,1
372.733,187.191,1.99,2
375.909,230.912,1.63,3
416.106,174.335,2.39,4
364.386,151.338,2.41,5
398.342,129.069,3.09,6
359.187,110.450,3.25,7
415.160,108.802,3.82,8
357.672,86.751,4.12,9
403.319,86.640,4.66,10
355.335,72.759,4.88,11
354.745,64.964,5.46,12
356.403,63.075,5.65,13
328.341,52.965,6.20,14
361.281,58.971,6.13,15
319.383,50.580,6.31,16
432.757,74.276,5.83,17
356.388,60.060,5.93,18
437.159,76.170,5.74,19
399.618,63.607,6.28,20
349.113,55.355,6.31,21
348.869,54.371,6.42,22
349.788,51.617,6.78,23
377.588,57.774,6.54,24
438.403,68.158,6.43,25
345.957,54.414,6.36,26
347.381,53.541,6.49,27
436.827,64.806,6.74,28
332.778,49.538,6.72,29
357.459,54.516,6.56,30
348.928,55.632,6.27,31
359.521,52.314,6.87,32
362.745,363.190,1.00,1
403.961,202.928,1.99,2
357.271,220.997,1.62,3
361.636,148.565,2.43,4
355.083,147.833,2.40,5
436.344,138.367,3.15,6
375.826,115.640,3.25,7
436.491,113.122,3.86,8
349.049,84.851,4.11,9
430.425,92.496,4.65,10
319.415,65.961,4.84,11
349.300,63.778,5.48,12
325.494,57.684,5.64,13
340.491,55.062,6.18,14
320.010,51.444,6.22,15
356.620,65.218,5.47,16
320.166,57.239,5.59,17
319.251,54.446,5.86,18
436.041,72.473,6.02,19
435.670,70.612,6.17,20
344.843,53.309,6.47,21
346.989,55.062,6.30,22
349.902,52.719,6.64,23
432.472,64.411,6.71,24
424.360,64.286,6.60,25
380.734,59.491,6.40,26
360.580,55.559,6.49,27
361.346,53.696,6.73,28
356.799,54.048,6.60,29
361.108,54.736,6.60,30
357.836,53.526,6.69,31
356.828,51.621,6.91,32
350.727,352.808,0.99,1
437.047,219.055,2.00,2
350.069,216.490,1.62,3
360.326,149.495,2.41,4
349.974,145.501,2.41,5
429.343,137.818,3.12,6
350.156,107.556,3.26,7
436.555,112.222,3.89,8
325.537,79.345,4.10,9
435.590,93.211,4.67,10
346.392,70.899,4.89,11
355.027,65.374,5.43,12
437.422,76.344,5.73,13
346.449,56.023,6.18,14
407.886,64.628,6.31,15
345.873,56.560,6.12,16
349.830,58.263,6.00,17
360.945,61.344,5.88,18
355.844,58.832,6.05,19
358.567,58.344,6.15,20
361.247,57.297,6.30,21
364.042,56.356,6.46,22
319.146,50.879,6.27,23
360.729,54.128,6.66,24
363.026,55.744,6.51,25
319.311,49.149,6.50,26
355.780,54.374,6.54,27
380.899,57.244,6.65,28
437.370,64.669,6.76,29
346.436,52.664,6.58,30
350.144,55.328,6.33,31
349.309,51.736,6.75,32
436.242,435.837,1.00,1
377.623,190.797,1.98,2
436.194,267.360,1.63,3
320.906,133.348,2.41,4
437.291,181.656,2.41,5
345.686,111.145,3.11,6
430.699,133.215,3.23,7
345.395,89.676,3.85,8
361.070,87.785,4.11,9
349.141,74.672,4.68,10
436.059,89.059,4.90,11
349.746,64.187,5.45,12
348.818,61.875,5.64,13
349.561,55.923,6.25,14
403.648,67.789,5.95,15
322.393,53.850,5.99,16
356.839,60.347,5.91,17
355.563,61.926,5.74,18
361.286,58.913,6.13,19
356.586,60.814,5.86,20
359.627,58.114,6.19,21
351.809,54.768,6.42,22
360.968,52.973,6.81,23
354.116,53.669,6.60,24
361.083,55.623,6.49,25
360.980,55.414,6.51,26
324.294,49.609,6.54,27
349.885,51.573,6.78,28
356.309,52.805,6.75,29
319.653,47.914,6.67,30
319.244,49.216,6.49,31
437.451,65.465,6.68,32
